company_name,panASCO NUMATICS (INDIA) PRIVATE LIMITED - Asco Numatics India,33AAACA5198G1ZSASCOT HOTELS AND RESORTS PRIVATE LIMITED - Ascot Hotels,09AAACA9131H1ZSASHAPURA AGROCOMM PRIVATE LIMITED - Ashapura Agrocomm,07AALCA3210E1Z7ASHAPURA PERFOCLAY LIMITED - Ashapura Perfoclay,27AAACA9472H3ZGASHOKA BUILDCON LIMITED - Ashoka Buildcon,03AABCA9292J1ZKASHOKA FOAM MULTI PLAST LIMITED - Ashoka Foam Multi Plast,09AAFCA7678C1ZHASHOKA HIGHWAYS (DURG) LIMITED - Ashoka Highways (Durg),22AAGCA2214H1ZCASHOKA HIGHWAYS (BHANDARA) LIMITED - Ashoka Highways Bhandara,27AAGCA2213A1ZHASIAN HOTELS (NORTH) LIMITED - Asian Hotels (North),27AAACA0125H1ZAARIA HOTELS AND CONSULTANCY SERVICES PRIVATE LIMITED - Asian Hotels - SPV,07AAGCA4627C1Z1ASIAN PAINTS PPG PRIVATE LIMITED - Asian Paints PPG,02AAJCA7128D2Z3ASIAVILLE INTERACTIVE PRIVATE LIMITED - Asiaville,33AAQCA2781B1ZVASK AUTOMOTIVE PRIVATE LIMITED - Ask Automotive,02AAACA7205Q1ZSASM INDUSTRIES (INDIA) PRIVATE LIMITED - Asm Industries,27AAICA4697G1ZBASM TRAXIM PRIVATE LIMITED - Asm Traxim,07AAFCA2786H1ZKASOMI FINANCE PRIVATE LIMITED - Asomi Finance,18AADCA3747N1ZBASPEN LABORATORIES PRIVATE LIMITED - Aspen Laboratories,07AAECA9646B1ZSASPIRE SYSTEMS (INDIA) PRIVATE LIMITED - ASPIRE,33AACCA4543M1ZQASPRI SPIRITS PRIVATE LIMITED - ASPRI,07AAECA8483E1ZLASSAM GAS COMPANY LTD - Assam Gas Co,18AABCA6977C1ZMASSOCIATED ALCOHOLS & BREWERIES LTD. - Associated Alcohols & Breweries,23AAECA2674B1Z8AST TELECOM SOLAR PRIVATE LIMITED - AST,09AALCA3551E1ZRASTERIA AEROSPACE PRIVATE LIMITED - ASTERIA,29AAJCA8708R1ZRASTRAL POLY TECHNIK LIMITED - Astral Poly,23AABCA2951N1ZQASTROGATE LABS PRIVATE LIMITED - Astrogate Labs,29AAQCA0396J1Z4ASTROME TECHNOLOGIES PRIVATE LIMITED - ASTROME TECHNOLOGIES,29AANCA4897P1ZHASTRON PACKAGING LIMITED - Astron Packaging,24AAECA0093L1ZSATIBIR INDUSTRIES COMPANY LIMITED - Atibir,19AADCA1825B1Z7ATLANTIC LUBRICANTS AND SPECIALITIES PRIVATE LIMITED - Atlantic Lubricants & Specialities,08AAECA0002D1ZMATLAS COPCO (INDIA) LIMITED - Atlas Copco India,34AAACA4074D1Z7ATOMBERG TECHNOLOGIES PRIVATE LIMITED - ATOMBERG TECHNOLOGIES,07AAKCA4836H1ZKNUTRINE CONFECTIONERY COMPANY PRIVATE LIMITED - Nutrine Confectionery,37AAACN4838N1ZZAAVAS FINANCIERS LIMITED - Au Housing Finance,27AAJCA2237M2ZGAUMA INDIA PRIVATE LIMITED - Auma,29AABCA1342F1Z4AURA SEMICONDUCTOR PRIVATE LIMITED - Aura Semiconductor,29AAICA7499N1ZMAURANGABAD ELECTRICALS LIMITED - Aurangabad Electricals,27AACCA2867L2ZDAUREUS ANALYTICS PRIVATE LIMITED - Aureus Analytics,27AALCA5519N2Z5AURIGENE DISCOVERY TECHNOLOGIES LIMITED - Aurigene,36AADCA2387A1Z2AURIONPRO SOLUTIONS LIMITED - Aurionpro,23AAACV7297H1Z2AUTHBRIDGE RESEARCH SERVICES PRIVATE LIMITED - AuthBridge,06AAFCA3384H1ZQAUTOLIV INDIA PRIVATE LIMITED - Autoliv,07AADCA6222E1Z5AUTOMOTIVE MANUFACTURERS PRIVATE LIMITED - Automotive Manufacturers,29AAACA3428K1ZNAUTOMOTIVE STAMPINGS & ASSEMBLIES LIMITED - Automotive Stampings & Assemblies,27AAACJ2116M1ZNAUTOVERT TECHNOLOGIES PRIVATE LIMITED - Autovert Technologies,29AAPCA4301A1Z3AVA SKIN CARE PRIVATE LIMITED - AVA Skin Care,29AALCA7345Q1ZSAVAADA ENERGY PRIVATE LIMITED - Avaada Energy,10AACCE0525D1ZNAVANA LOGISTEK LIMITED - Avana Logistek,21AAFCS1591Q1Z0AVANTI MICROFINANCE PRIVATE LIMITED - Avanti Microfinance,27AAOCA8235G1ZFAVANTIS REGTECH PRIVATE LIMITED - Avantis,27AARCA4721E1ZPAVG LOGISTICS LIMITED - AVG Logistics,27AAICA1669A1ZXAVIOM INDIA HOUSING FINANCE PRIVATE LIMITED - AVIOM,07AAOCA1595P1ZXAVIOTRON AUTOMATIONS LLP - Aviotron Automations,08ABHFA5969J1ZWTECH DATA ADVANCED SOLUTIONS (INDIA) PRIVATE LIMITED - Avnet Technology Solutions,03AAACO3686M1Z7AVON CYCLES LTD - AVON,20AABCA4140R1ZVAVP HOSPITALITY PRIVATE LIMITED - AVP Hospitality,07AAJCA1940R1Z9AVR SWARNAMAHAL JEWELRY PRIVATE LIMITED - Avr Swarnamahal Jewelry,29AAHCA9042L1Z8AVT MCCORMICK INGREDIENTS PRIVATE LIMITED - Avt Mccormick Ingredients,24AAACA3217E1ZFAVYAN TECHSERVE PRIVATE LIMITED - AVYAN TECHSERVE,29AAPCA0167J2ZBAWARD OFFSET PRINTERS AND PACKAGING PRIVATE LIMITED - Award,27AAACA5672M2ZCAWIGN ENTERPRISES PRIVATE LIMITED - AWIGN,09AAOCA5799B1Z8AXALTA COATING SYSTEMS INDIA PRIVATE LIMITED - Axalta Coating Systems,24AAECD2713N1ZQAXTRIA INDIA PRIVATE LIMITED - Axtria,09AAICA5862D1ZMAYANA RENEWABLE POWER PRIVATE LIMITED - Ayana Renewable Power,08AARCA8875B1Z8AZAFRAN INNOVACION LIMITED - Azafran Innovacion,07AAGCA4452K1ZLAZURE HOSPITALITY PRIVATE LIMITED - Azure Hospitality,36AAGCA9135K1ZEB.BRAUN MEDICAL (INDIA) PRIVATE LIMITED - B Braun Medical (India),33AAACB7394M1ZCBACARDI INDIA PRIVATE LIMITED - Bacardi,21AAACB3944R1ZJBACKPACKER PANDA HOLIDAYS PRIVATE LIMITED - BACKPACKER PANDA,27AAGCB3583Q1Z0BAFNA PHARMACEUTICALS LIMITED - Bafna Pharmaceuticals Ltd.,27AAACB3109Q1ZKBAGHIRATHI TRAVEL SOLUTIONS PRIVATE LIMITED - BAGHIRATHI,29AACCB8387L1ZYBAIN & COMPANY INDIA PRIVATE LIMITED - Bain & Company,27AACCB8671R2ZUBAJAAO MUSIC PRIVATE LIMITED - Bajaao,27AAECB5401B1ZCBAJAJ ALLIANZ GENERAL INSURANCE COMPANY LIMITED - Bajaj Allianz General Insurance,37AABCB5730G1ZWBAJAJ CAPITAL LIMITED - Bajaj Capital,27AAACA3565F1ZWBAJAJ FINANCE LIMITED - Bajaj Finance,17AABCB1518L2ZSBAJAJ MOTORS LIMITED - Bajaj Motors,05AAACB7413P1ZLBAKERS CIRCLE (INDIA) PVT LTD - Bakers Circle India,06AABCB7681G1ZNBALAJI CELLPHONE PRIVATE LIMITED - Balaji Cellphone,20AAFCB3757K1ZRBALAJI TELEFILMS LIMITED - Balaji Telefilms,27AAACB4376M1ZDBALAJI WAFERS PRIVATE LIMITED - Balaji Wafers,23AAACB8755A1Z3BALMUKUND CONCAST PRIVATE LIMITED - Balmukund Concast,10AAACB9503G1ZABALMUKUND SPONGE AND IRON PRIVATE LIMITED - Balmukund Sponge And Iron,10AACCM4451E2Z3URMIN FOODS PRIVATE LIMITED - URMIN FOODS,24AABCU2405P1ZBBANDHAN FINANCIAL SERVICES LIMITED - Bandhan,19AABCG0611R2ZFBANDHAN BANK LIMITED - BANDHAN,02AAGCB1323G3ZDTHE BANK OF MAHARASHTRA LIMITED - Bank Of Maharashtra,24AAAAP2400Q1ZOBANSAL ALLOYS AND METALS PRIVATE LIMITED - Bansal Alloys & Metals,03AAACB7472L1ZMBARBEQUE-NATION HOSPITALITY LIMITED - Barbeque Nation,21AAKCS3053N1Z8BARMALT MALTING (INDIA) PRIVATE LIMITED - Barmalt,08AAFCB0807Q1ZGBARQAT CUISINES PRIVATE LIMITED - Barqat Cuisines,03AAHCB8672K1ZDBARRY CALLEBAUT INDIA PRIVATE LIMITED - Barry Callebaut,27AADCB2472R1Z7BARTRONICS INDIA LIMITED - Bartronics India,36AAACB8231F1ZZBASANT AGRO TECH (INDIA) LIMITED - Basant Agro Tech (India),27AAACB2137N1ZOBASE METAL CHLORINATIONS PRIVATE LIMITED - BASE METAL CHLORINATIONS,24AAACB7628L1ZKBASIL LEAF FOOD SERVICES PRIVATE LIMITED - Basil Leaf Food Services,07AAFCB9329R1ZXBASIZ FUND SERVICE PRIVATE LIMITED - Basiz Fund Services,33AACCB8229K1ZMBASTIAN HOSPITALITY PRIVATE LIMITED - Bastian,27AAECE4520C2Z4BATA INDIA LIMITED - Bata,01AABCB1043Q1Z0BAUSCH & LOMB INDIA PRIVATE LIMITED - Bausch and Lomb Eyecare,06AABCB3877E1ZTBAXTER INDIA PRIVATE LIMITED - Baxter,07AAACB3906F1Z4BDH INDUSTRIES LIMITED - BDH Industries,27AAACB1720H1Z6BEACON DIAGNOSTICS PVT LTD - BEACON DIAGNOSTICS,24AABCB2080R1ZJBECTON DICKINSON INDIA PRIVATE LIMITED - Becton,37AAACB2656A1Z6BEEKAY STEEL INDUSTRIES LTD - BEEKAY STEEL,19AABCB3205A1ZGBRIGHTSTAR TELECOMMUNICATIONS INDIA LIMITED - Beetel Teletech,08AABCB3989M1Z3BELLWETHER CAPITAL PRIVATE LIMITED - Bellwether Capital,27AACCB3356P1ZBBELONG TECHNOLOGIES INDIA PRIVATE LIMITED - Belong,29AAGCB3050Q1ZABENETTON INDIA PRIVATE LIMITED - BENETTON,09AAACD1013F1ZCBEST VALUE CHEM PRIVATE LIMITED - Best Value Chem,24AAACB9400C1ZDBETTERPLACE SAFETY SOLUTIONS PRIVATE LIMITED - BETTERPLACE,29AAGCB1498L1Z4BHAGAT HOSPITALS PRIVATE LIMITED - BHAGAT HOSPITALS,23AADCB5149B1Z8BHAGWATI FATS AND EDIBLE OILS PRIVATE LIMITED - Bhagwati Fats And Edible Oils,36AAECB2338P1ZEBHAGWATI FERRO METAL PRIVATE LIMITED - Bhagwati Ferro,27AACCB1835D1Z4BHAGWATI (INDIA) LTD - Bhagwati India,09AACCB2701J1ZYBHARAT CEREALS PRIVATE LIMITED - Bharat Cereals,06AADCB8771F1ZMBHARAT CONTAINERS (NAGPUR) PVT LTD - Bharat Containers (Nagpur),27AAACB0489M1ZFBHARAT DYNAMICS LIMITED - BHARAT DYNAMICS,36AAACB7880N1Z5BHARAT GEARS LIMITED - Bharat Gears,27AAACB4860G1ZTBHARAT HOTELS LIMITED - Bharat Hotels,07AAACB1298E1ZXBHARAT SERUMS AND VACCINES LIMITED - Bharat Serums and Vaccines,33AAACB2431M1Z0BHARATHI CEMENT CORPORATION PRIVATE LIMITED - Bharathi Cement,37AADCR3079G1Z8BHARATKUMAR INDRASEN TRADING PRIVATE LIMITED - Bharatkumar Indrasen Trading,27AAACB2051R1ZJBHARTI HEXACOM LIMITED - Bharti Hexacom,08AAACH1766P2Z4BHARTI TELEMEDIA LIMITED - BHARTI TELEMEDIA,06AADCB0147R2ZIBHASKAR INDUSTRIES PRIVATE LIMITED - Bhaskar Industries,23AAACB5809M1ZPBHAVYA CEMENTS LIMITED - Bhavya,33AADCB1182A1ZGHAPPILO INTERNATIONAL PRIVATE LIMITED - HAPPILO,29AAECH4091H1ZEBHUWALKA & SONS PRIVATE LIMITED - Bhuwalka & Sons,29AACCB4494J1ZABIBA APPARELS PRIVATE LIMITED - Biba Apparels,07AABCB9274B1ZUBIDADA FOODS PRIVATE LIMITED - Bidada Foods,07AAGCB9876N1ZSBIGBLOC CONSTRUCTION LIMITED - BIGBLOC,24AAGCB3727N1ZIBIGHAAT AGRO PRIVATE LIMITED - BigHaat,29AAGCB4353A1ZZBIL INFRATECH LIMITED - BIL Infratech,22AAECB2724M1ZVBILCARE LIMITED - Bilcare,27AABCB2242F1Z6BILLIONLOANS FINANCIAL SERVICES PRIVATE LIMITED - BILLIONLOANS,29AAHCB0052H2ZVBILLIONSMILES HOSPITALITY PRIVATE LIMITED - Billionsmiles,29AAKCS2398N1ZEBIMAL AUTO AGENCY INDIA PRIVATE LIMITED - Bimal Auto Agency India,29AAECB4356M1Z9BIOASPIRE PROCESS SOLUTIONS PRIVATE LIMITED - Bioaspire,27AAFCV9280M1ZJBIOCARE RESEARCH (INDIA) PRIVATE LIMITED - Biocare Laboratory,24AABCB6851A2Z6BIOCON BIOLOGICS INDIA LIMITED - Biocon,29AAGCB7796M2ZOBIODEAL PHARMACEUTICALS PRIVATE LIMITED - Biodeal,02AACCB8125A1ZHBIOENABLE TECHNOLOGIES PRIVATE LIMITED - BioEnable,27AABCB7466R1ZXBIOGENIX INC. PRIVATE LIMITED - Biogenix,09AAGCB6941G1ZJBIOLAB DIAGNOSTICS (INDIA ) PRIVATE LIMITED - BIOLAB DIAGNOSTICS INDIA,27AACCB0928M1ZLBIOLINE DIAGNOSTICS LLP - Bioline Diagnostics,07AARFB6900F1ZHBIOMERIEUX INDIA PRIVATE LIMITED - BioMerieux,33AAACB4984F1ZTBIORUNS PRIVATE LIMITED - BIORUNS,07AAFCB9808H1ZIBIOSENSE TECHNOLOGIES PRIVATE LIMITED - BIOSENSE,37AADCB6349R1ZYBIOSTADT INDIA LIMITED - Biostadt,33AACCB1830G1ZABIOSYSTEMS DIAGNOSTICS PRIVATE LIMITED - Biosystems Diagnostics,36AAHCD3645E1ZSBIOTECH INITIATIVES PRIVATE LIMITED - Biotech Initiatives,27AAFCB8339K1Z9BIOTECNIKA INFO LABS PRIVATE LIMITED - BIOTECNIKA,29AAECB4390F1ZMBIOVET PRIVATE LIMITED - Biovet,29AACCB7370F1ZMBIPHA DRUG LABORATORIES PRIVATE LIMITED - BIPHA DRUG LABORATORIES,36AAECB8025B1Z3SMARTPADDLE TECHNOLOGY PRIVATE LIMITED - Bizongo,27AAVCS6045D1Z0B L LIFESCIENCES PRIVATE LIMITED - BL Lifesciences,19AAGCG7220D1ZTBLA COKE PRIVATE LIMITED - Bla Coke,27AACCB6232G2ZWBLISS GVS PHARMA LIMITED - Bliss GVS,27AABCB1382J1ZQBLUE STAR LIMITED - Blue Star,27AAACB4487D1ZSBLUE STAR DIAMONDS PRIVATE LIMITED - Blue Star Diamonds,27AADCB6475E1ZNBLUEPI CONSULTING PRIVATE LIMITED - BluePi,06AAFCB3396J1ZGBODAL CHEMICALS LIMITED - Bodal Chemicals,07AAACD5352M1ZJBODHTREE CONSULTING LIMITED - Bodhtree,07AABCB3103D1ZIBOHRA INDUSTRIES LIMITED - Bohra Industries,08AACCB3135C1Z9BOMBAY HEMP COMPANY PRIVATE LIMITED - BOMBAY HEMP COMPANY,27AAFCB3492H1ZKBONFLEET SOLUTIONS PRIVATE LIMITED - BON,27AAGCB7426E2ZQBONA VITA TECHNOLOGIES PRIVATE LIMITED - Bona Vita Tech,07AAGCB3302F1Z8BONY POLYMERS PRIVATE LIMITED - Bony Polymers,06AABCB1594N1ZGBOOK MY FOREX PRIVATE LIMITED - Book My Forex,06AAECB7321G1ZZBOROSIL LIMITED - BOROSIL,09AACCH5367G1ZFBOSTON SCIENTIFIC INDIA PRIVATE LIMITED - Boston Scientific India,06AABCG9446Q2ZXBOUTIQUE SPIRIT BRANDS PRIVATE LIMITED - Boutique Spirits,03AAGCB8025R1ZDBOYD SMITHS PVT LTD - Boyd Smiths,19AABCB1340E1Z8BPE BIOTREE INDIA PRIVATE LIMITED - BPE BIOTREE INDIA,29AAFCB0431J1ZUBRAHMOS AEROSPACE PRIVATE LIMITED - Brahmos Aerospace,36AABCR8269E1Z6INDECOMM GLOBAL SERVICES (INDIA) PRIVATE LIMITED - Brainvisa Technologies,27AABCB6817E1ZVBRAKES INDIA PRIVATE LIMITED - Brakes India,27AAACB2533Q1ZIBRAND STUDIO LIFESTYLE PRIVATE LIMITED - Brand Studio Lifestyle,29AAGCB1468A1ZXBRAWN BIOTECH LIMITED - Brawn Biotech,06AAACB2655D1Z6BREVISTAY HOSPITALITY PRIVATE LIMITED - Brevistay,27AAGCB7341E1C4BRICKWORK RATINGS INDIA PRIVATE LIMITED - Brickwork Ratings,04AADCB3136C1ZFBRIDGEI2I ANALYTICS SOLUTIONS PRIVATE LIMITED - Bridgei2i,29AAECB5548H1ZGBRILLARE SCIENCE PRIVATE LIMITED - BRILLARE,24AAGCB4068A1Z5BRILLIANT POLYMERS PRIVATE LIMITED - Brilliant Polymers,19AAECB5291P1Z0BRILLIO TECHNOLOGIES PRIVATE LIMITED - Brillio,29AABCP2354A1ZTBRINTON PHARMACEUTICALS LIMITED - Brinton Pharmaceuticals,27AAFCB6936Q1ZYBRISTLECONE INDIA LIMITED - Bristlecone India,29AAACM5186E1ZDBRISTOL-MYERS SQUIBB INDIA PRIVATE LIMITED - Bristol-Myers Squibb,29AACCB4313Q1ZEBRITACEL SILICONES LIMITED - Britacel Silicones,27AAACE0309B1ZGBRITANNIA DAIRY PRIVATE LIMITED - Britannia Dairy,07AABCB8795R1ZPBRIYOSIS SOFT CAPS PRIVATE LIMITED - Briyosis Soft Caps,24AACCB5247K1ZPBROWSERSTACK SOFTWARE PRIVATE LIMITED - BrowserStack,27AAGCB2859K1ZBBSES YAMUNA POWER LIMITED - Bses Yamuna Power,07AABCC8569N1Z0BSL LIMITED - BSL,08AABCB0639G1ZZBUDGE BUDGE COMPANY LTD - Budge Budge,19AABCB2410K1ZYBUDGE BUDGE REFINERIES LTD - Budge Budge Refineries,18AABCB2880M1ZEBUHLER (INDIA) PRIVATE LIMITED - Buhler (India),19AAACB5987A1ZOBULBULSHOP SHOPPING NETWORK PRIVATE LIMITED - Bulbul,06AAICB1394F1ZSBULK MRO INDUSTRIAL SUPPLY PRIVATE LIMITED - Bulk MRO,24AAGCB7343G1ZTBUNDY INDIA LIMITED - Bundy India,29AAACB3039M1ZJBUREAU VERITAS (INDIA) PRIVATE LIMITED - Bureau Veritas,27AACCB0389G1ZRBURGER KING INDIA LIMITED - Burger King,05AAFCB7044K1ZNBURMAN HOSPITALITY PRIVATE LIMITED - Burman Hospitality,33AAGCB0570P1ZKBURNPUR CEMENT LIMITED - Burnpur Cement,20AACCA1999B2Z5BVM OVERSEAS LIMITED - BVM,33AAGCB4452L1ZNCALCUTTA CLUB LTD - Calcutta Club,19AABCC2376D1ZVCALDERYS INDIA REFRACTORIES LIMITED - Calderys India Refractories,19AAFCA3610G3ZYCALIBRE CHEMICALS PRIVATE LIMITED - Calibre Chemicals,27AAACC1952G1ZXCALLHEALTH SERVICES PRIVATE LIMITED - Callhealth,36AAFCC5151Q1Z9GOODLIFE INTEGRATED FITNESS SOLUTIONS PRIVATE LIMITED - Caloriecare,27AACCG2828F1ZSCALSONIC KANSEI MOTHERSON AUTO PRODUCTS PRIVATE LIMITED - Calsonic Kansei motherson Auto Products,33AADCC1932F1Z7CAN-PACK INDIA PRIVATE LIMITED - Can-Pack,27AADCC2125J1ZWCANCER TREATMENT SERVICES HYDERABAD PRIVATE LIMITED - Cancer Treatment Services,03AADCC1258J1ZYCANDOR GURGAON TWO DEVELOPERS & PROJECTS PRIVATE LIMITED - Candor Gurgaon Two Developers & Projects,06AAACU8404B1ZSCAPILLARY TECHNOLOGIES INDIA PRIVATE LIMITED - Capillary Technologies,29AAECK7007Q1ZYCAPRI GLOBAL RESOURCES PRIVATE LIMITED - Capri Global,27AAGCM4337D1ZMCAPRICORN FOOD PRODUCTS INDIA LIMITED - Capricorn,33AABCC1550B2ZICAPRIHANS INDIA LIMITED - Caprihans,36AAACC1646F1Z1CARBON EDGE INDUSTRIES LIMITED - Carbon Edge Industries,24AABCR2042K1ZNCARBON MASTERS INDIA PRIVATE LIMITED - Carbon Masters,29AAECC7418D1ZQQUALITY CARE INDIA LIMITED - Care Hospitals,21AABCA7624C2ZCCAREERNET TECHNOLOGIES PRIVATE LIMITED - CareerNet,27AABCC7128H1ZQCARGILL INDIA PRIVATE LIMITED - Cargill India,08AAACC3269J1ZKCARRARO INDIA PRIVATE LIMITED - Carraro India,27AAACC5292M1ZBCARRIER AIRCONDITIONING & REFRIGERATION LIMITED - Carrier Airconditioning,09AAACC8414B1Z2CARS24 SERVICES PRIVATE LIMITED - CARS24,03AAGCC1389R1Z7CARTESIAN CONSULTING PRIVATE LIMITED - Cartesian Consulting,29AADCC5436A1ZZCARTOON MANGO STUDIOS PRIVATE LIMITED - Cartoon Mango Digital,29AAGCC0327H1ZUMXC SOLUTIONS INDIA PRIVATE LIMITED - Cartrade.com,27AABCK6981G1Z9CARZONRENT (INDIA) PRIVATE LIMITED - Carzonrent,24AABCC5486C1ZXCASHPOR MICRO CREDIT - Cashpor,23AACCC3775D1Z0CASPIAN IMPACT INVESTMENTS PRIVATE LIMITED - CASPIAN,36AACCC5448D2ZUCATERMAN CUISINE CONCEPTS PRIVATE LIMITED - Caterman,08AAFCC2560D1Z0CATERPILLAR INDIA PRIVATE LIMITED - Caterpillar India,27AABCC4615K1ZPCATWALK WORLDWIDE PRIVATE LIMITED - Catwalk Worldwide,27AACCC1276B1Z4CCIGMAA LIFESTYLES PRIVATE LIMITED - Ccigmaa Lifestyles,27AADCC8251H1ZMCEAT SPECIALTY TYRES LIMITED - Ceat Specialty Tyres,27AABCU5142M2Z2CELEBI DELHI CARGO TERMINAL MANAGEMENT INDIA PRIVATE LIMITED - Celebi Delhi Cargo Terminal,07AADCC6885B1ZOCELEBI NAS AIRPORT SERVICES INDIA PRIVATE LIMITED - Celebi Nas Airport Services India,27AADCC5379G1ZHCELESTIAL BIOLABS LIMITED - Celestial Biolabs,36AABCC4698Q1ZVCELLO PENS AND STATIONERY PRIVATE LIMITED - Cello Pens & Stationery,25AABCC1808J1ZYCENGAGE LEARNING INDIA PRIVATE LIMITED - Cengage Learning India,07AACCT5522B1ZSCENTRE FOR TEACHER ACCREDITATION (CENTA) PRIVATE LIMITED - CENTA,29AAFCC8727N1ZYCENTAUR PHARMACEUTICALS PRIVATE LIMITED - Centaur Pharmaceuticals,22AAACC0444K1Z5DANONE FOODS AND BEVERAGES INDIA PRIVATE LIMITED - Danone,29AABCD6059L1Z8NEW DELHI CENTRE FOR SIGHT LIMITED - Centre for Sight,07AABCN6370Q1ZWCENTRUM HOUSING FINANCE LIMITED - Centrum Housing Finance,24AAGCC3919D1Z0CENTUARY FIBRE PLATES PRIVATE LIMITED - Centuary Mattresses,27AAACC7842B1ZYWISTRON INFOCOMM MANUFACTURING ( INDIA ) PRIVATE LIMITED - WISTRON,29AACCW1483C1ZDCENTUM LEARNING LIMITED - Centum Learning,07AADCB3842R1Z9CENTURYWELLS ROOFING INDIA PRIVATE LIMITED - Centurywells Roofing,37AABCC9929N2ZYCERA SANITARYWARE LIMITED - Cera,09AABCM9244N1ZWCERANA BEVERAGES PRIVATE LIMITED - Cerana Beverages,07AADCC3012A2ZKCERIUM SYSTEMS PRIVATE LIMITED - Cerium Systems,29AAFCC3956R1ZTCES LIMITED - CES,33AADCS4564P2ZVCEVA LOGISTICS INDIA PRIVATE LIMITED - CEVA Logistics,06AABCT7326A1ZRCGI INFORMATION SYSTEMS AND MANAGEMENT CONSULTANTS PRIVATE LIMITED - CGI,27AAACI1994C1ZPCHADHA SUGARS AND INDUSTRIES PRIVATE LIMITED - Chadha Sugars and Industries,03AACCC5309B2ZFCHAI SUTTA BAR PRIVATE LIMITED - Chai Sutta Bar,23AAHCC3741Q1ZECHAI THELA PRIVATE LIMITED - CHAI THELA,09AAGCC4924N1Z8CHAITANYA RURAL INTERMEDIATION DEVELOPMENT SERVICES PRIVATE LIMITED - CHAITANYA RURAL,29AAECC7456R1ZRSRI CHAMUNDESWARI SUGARS LIMITED - Chamundeswari Sugars,29AACCS5004R1ZXTECSO CHARGE ZONE PRIVATE LIMITED - Charge+Zone,24AAGCT8628J1ZYCHAYAGRAPHICS HEALTHCARE PRIVATE LIMITED - CHAYAGRAPHICS HEALTHCARE,29AAFCC5818C1ZRCHEMBOND CHEMICALS LIMITED - Chembond Chemicals,07AAACC5467A1Z1CHEMCO PLASTIC INDUSTRIES PRIVATE LIMITED - Chemco Plastic Industries,27AABCN0098H1ZGCHENNAI CONTAINER TERMINAL PRIVATE LIMITED - Chennai Container Terminal,33AABCC5838L1ZJCHERIAN VARKEY CONSTRUCTION COMPANY PRIVATE LIMITED - Cherian Varkey Construction Company,32AABCC8393A1Z0CHERRY HILL INTERIORS PRIVATE LIMITED - Cherry Hill Interiors,24AACCC2197F1ZWCHETTINAD CEMENT CORPORATION PRIVATE LIMITED - Chettinad Cement,29AAACC3130A1ZFCHEVIOT CO LTD - Cheviot,19AABCC2380H1ZRCHEVON AGROTECH PRIVATE LIMITED - Chevon Agrotech,07AAECK0951H1ZOCHILIAD PROCONS PRIVATE LIMITED - Chiliad Procons,09AAFCC7259M1Z1CHIRIPAL POLY FILMS LIMITED - CHIRIPAL POLY FILMS,27AADCC7403M1ZJCHOICE CONSULTANCY SERVICES PRIVATE LIMITED - Choice Business Services,27AADCC8291R1ZTCHOLAMANDALAM INVESTMENT AND FINANCE COMPANY LIMITED - Cholamandalam DBS,02AAACC1226H1ZGCHOLAMANDALAM MS GENERAL INSURANCE COMPANY LIMITED - Cholamandalam MS General Insurance Co Ltd,16AABCC6633K7ZGCHOLAYIL PRIVATE LIMITED - Cholayil,22AAACC3123B1ZQCHUMBAK DESIGN PRIVATE LIMITED - Chumbak,09AAECC4284B1ZUCIAO GREEN PRIVATE LIMITED - Ciao Green,27AAHCC0631M1ZNTRANSUNION CIBIL LIMITED - CIBIL,33AABCC8003B1ZHCIEL HR SERVICES PRIVATE LIMITED - CIEL HR,33AAPCS4963G1Z0CILICANT CHEM PRIVATE LIMITED - CILICANT,27AAECC3132G1Z1CIPLA LIMITED - Cipla,20AAACC1450B1ZSCIREX PHARMACEUTICALS LIMITED - CIREX PHARMACEUTICALS,36AAACC9554A1ZWCIS BUREAUS FACILITY SERVICES PRIVATE LIMITED - Cis Bureaus Facility Services,03AACCC6334Q1ZICITIUSTECH HEALTHCARE TECHNOLOGY PRIVATE LIMITED - CITIUS IT SOLUTIONS,27AACCC6096M2Z4CITY REALTY & DEVELOPMENT PRIVATE LIMITED - City Realty,27AACCC6632K1ZJCITYKART RETAIL PRIVATE LIMITED - Citykart,07AAWCS4776Q1Z0CKD INDIA PRIVATE LIMITED - CKD India,06AAGCC3182J1ZMCKERS FINANCE PRIVATE LIMITED - CKERS FINANCE,07AAGCC3979F1ZGCLARIANT CHEMICALS (INDIA) LIMITED - Clariant,27AAACC5602P1ZJCLEAN MAX ENVIRO ENERGY SOLUTIONS PRIVATE LIMITED - Clean Max Enviro Energy Solutions,08AAECC1568J1ZICLEAN MAX POWER PROJECTS PRIVATE LIMITED - CLEAN MAX POWER,27AAECC5177D1ZQCLEAN SCIENCE AND TECHNOLOGY PRIVATE LIMITED - CLEAN SCIENCE,27AAICS9799K1Z7CLEANMAX HARSHA SOLAR LLP - CLEANMAX HARSHA SOLAR,29AAKFC6238J1Z1CLEANMAX IPP 2 PRIVATE LIMITED - CLEANMAX IPP 2,29AAHCC1462C1ZXCLEARMEDI HEALTHCARE PRIVATE LIMITED - CLEARMEDI HEALTHCARE,07AAECC1660P1ZFCLEARSYNTH LABS LIMITED - CLEARSYNTH,36AADCC9150H1ZNCLEARTRIP PRIVATE LIMITED - Cleartrip,27AACCC6016B1Z8CLENSTA INTERNATIONAL PRIVATE LIMITED - CLENSTA,08AAGCC3749R1ZXPIONEER CLIENT ASSOCIATES PRIVATE LIMITED - CLIENT ASSOCIATES,29AADCP4612K1Z9CLOUDSEK INFORMATION SECURITY PRIVATE LIMITED - CLOUDSEK,29AAGCC1742C1ZZCLOVER INFOTECH PRIVATE LIMITED - Clover Infotech,27AABCC7544B1ZYCLP WIND FARMS (INDIA) PRIVATE LIMITED - Clp Wind Farms,33AADCC4393G1ZSCLR FACILITY SERVICES PRIVATE LIMITED - CLR Services,29AADCC5478N1ZYCMS COMPUTERS LIMITED - CMS Computers,20AAACC1758L1ZWCMS INFO SYSTEMS LIMITED - CMS INFO SYSTEMS,24AAMCS2311K1ZFCOASTAL CORPORATION LIMITED - Coastal Corporation,37AACCC6045J1ZLCOCA COLA INDIA PRIVATE LIMITED - Coca Cola India,27AAACB8573G1ZJCOEO LABS PRIVATE LIMITED - Coeo Labs,29AAFCC8193G2Z8COFFEE DAY GLOBAL LIMITED - Coffee Day Global,16AABCA5291P1ZACOGENCIS INFORMATION SERVICES LIMITED - Cogencis Information,29AACCN4238J1Z8COGNIZANT TECHNOLOGY SOLUTIONS INDIA PRIVATE LIMITED - Cognizant,27AAACD3312M9ZLCOINTRIBE TECHNOLOGIES PRIVATE LIMITED - CoinTribe,06AAGCC0360G1Z3COLDEX LOGISTICS PRIVATE LIMITED - ColdEX,36AAECC3203E1ZACOLLIERS INTERNATIONAL (INDIA) PROPERTY SERVICES PRIVATE LIMITED - Colliers International,06AAACC2145B1ZGCOLONELS KABABZ TANDOORI PRIVATE LIMITED - Colonels Kababz Restaurant,07AAECC1746J1ZOCOLORCON ASIA PRIVATE LIMITED - Colorcon Asia,36AAACC2281Q1ZDCOLOUR ROOF (INDIA) LIMITED - Colour Roof,27AABCC3215D1ZACOLUMBIA PETRO CHEM PRIVATE LIMITED - Columbia Petro,07AAACC4865C1ZXCOMMONWEALTH INCLUSIVE GROWTH SERVICES LIMITED. - Commonwealth,33AADCC2666G1ZWCOMPAREX INDIA PRIVATE LIMITED - Comparex,37AABCI1421K1ZSCOMTUSTEC INDIA PRIVATE LIMITED - Comtustec,33AAGCC5155M1ZICONCAST (INDIA) PRIVATE LIMITED - Concast,07AACCI3035L1ZMCONCOR AIR LIMITED - CONCOR AIR,27AAECC9737F1ZGCONCORD BIOTECH LIMITED - Concord,24AAACC8514G1ZZCONFERENCECALL SERVICES INDIA PRIVATE LIMITED - Conferencecall Services,29AACCC6574A1ZRCONFIDENCE PETROLEUM INDIA LIMITED - Confidence Petroleum India,29AAACD3658C1ZTCONNECT INDIA E-COMMERCE SERVICES PRIVATE LIMITED - Connect India,07AAFCC7354K1ZDCONNELL BROS COMPANY (INDIA) PRIVATE LIMITED - Connell Brothers,27AAACC9611L1ZICONSTRUCTURE DESIGNS PRIVATE LIMITED - CONSTRUCTURE DESIGNS,07AACCC7726L1ZEFUJI ELECTRIC CONSUL NEOWATT PRIVATE LIMITED - Consul Consolidated,21AABCC2553Q1ZOCONSULTING ENGINEERING SERVICES (INDIA) PRIVATE LIMITED - Consulting Engineering,27AAACC5110G3Z5CONSULTING ENGINEERS GROUP LIMITED . - Consulting Engineers Group,07AAACC7519B2Z1CONTCENTRIC IT SERVICES PRIVATE LIMITED - Contcentric,24AAGCC5177P1Z5CONTINENTAL AUTOMOTIVE COMPONENTS (INDIA) PRIVATE LIMITED - CONTINENTAL AUTOMOTIVE COMPONENTS (INDIA),06AAKCS9578C1ZXCOOLBERG BEVERAGES PRIVATE LIMITED - COOLBERG,27AAGCC7335R1ZZINTEGRATED TECHNOLOGIES LIMITED - Integrated,29AACCC1196J1ZGCORE DIAGNOSTICS PRIVATE LIMITED - CORE Diagnostics,06AAECC8933D1ZSCOROMANDEL INTERNATIONAL LIMITED - Coromandel,24AAACC7852K2ZICORONA REMEDIES PRIVATE LIMITED - CORONA REMEDIES,09AACCC5173F1ZQINDIAN SCHOOL FINANCE COMPANY PRIVATE LIMITED - CORPORATE DEPOSITS,33AAACC6586G7ZICORVI LED PRIVATE LIMITED - Corvi LED,27AAFCC7218J1ZICOSA CERAMICS PRIVATE LIMITED - Cosa,24AAECC2338N1ZMCOSMOVEDA HERBALS PRIVATE LIMITED - Cosmoveda,09AAFCC7394B1ZKCOSTA COFFEE INDIA PRIVATE LIMITED - Costa Coffee,07AACCC6509K1ZLCOVERFOX INSURANCE BROKING PRIVATE LIMITED - Coverfox,27AAFCC2890J1ZECPC DIAGNOSTICS PRIVATE LIMITED - Cpc Diagnostics,07AAACC3142N1ZQCPF (INDIA) PRIVATE LIMITED - Cpf (India),24AAACC4209Q1ZMCRAFTSVILLA HANDICRAFTS PRIVATE LIMITED - Craftsvilla,27AAFCC8726P1CACREAMY FOODS LIMITED - Creamy Foods,09AABCC7375A1ZTCREATIVE LIFESTYLES PRIVATE LIMITED - Creative,36AACCC8043J1ZLCREATIVE POLYPACK LTD - Creative Polypack,19AABCC2201R1ZMCREATIVE PROPACK LIMITED - Creative Propack,23AAACE6761H1ZSCREATIVE WEB MALL (INDIA) PRIVATE LIMITED - Creative Web Mall,27AADCC0656N1ZGCREDENC WEB TECHNOLOGIES PRIVATE LIMITED - Credenc,06AAHCC0757C1Z1CREDENCE HOSPITAL PRIVATE LIMITED - Credence Hospital,32AADCC8356R1Z4CREDENCEROBOTICS LLP - Credencerobotics,29AAMFC9276A1Z6CREDI HEALTH PRIVATE LIMITED - CREDI HEALTH,06AAFCC1921L1ZSCREDIT SUISSE SECURITIES (INDIA) PRIVATE LIMITED - Credit Suisse,27AAACC4388G1ZLCREMICA FOOD INDUSTRIES LIMITED - Cremica Food,03AAFCC3433K1ZXC R I PUMPS PRIVATE LIMITED - Cri Pumps,27AAACC9497N1ZUCRITICALOG INDIA PRIVATE LIMITED - CRITICALOG,03AAFCC2486G2ZUCROFARM AGRIPRODUCTS PRIVATE LIMITED - Crofarm,07AAGCC4634B1Z2INFINITI RETAIL LIMITED - CROMA,30AACCV1726H1ZRCRON SYSTEMS PRIVATE LIMITED - CRON Systems,07AAGCC2294R1Z1CRYSTAL CROP PROTECTION LIMITED - Crystal Crop Protection,29AABCJ3574E2ZICSJ INFRASTRUCTURE PRIVATE LIMITED. - CSJ Infrastructure,04AACCC8021G1Z5GEM CABLES AND CONDUCTORS LTD. - Gem Cables And Conductors,37AABCG0478L1ZDCUMMINS TECHNOLOGIES INDIA PRIVATE LIMITED - Cummins Technologies India,27AABCC1533E1Z7CURATIO HEALTH CARE (I) PRIVATE LIMITED - Curatio Healthcare,27AACCC6210B1ZCCUSHMAN AND WAKEFIELD INDIA PRIVATE LIMITED - Cushman,29AAACC5006B1ZACYBERMATE INFOTEK LIMITED - Cybermate Infotek,36AABCC4776F1ZNCYGNET INFOTECH PRIVATE LIMITED - Cygnet Infotech,24AABCC5127A1ZFECOM GILL COFFEE TRADING PRIVATE LIMITED - ECOM Gill Coffee Trading,29AAACE7863N1ZYECONOMIC EXPLOSIVES LIMITED - Economic Explosives,27AAACE3871C1ZXECOZEN SOLUTIONS PRIVATE LIMITED - Ecozen Solutions,22AACCE5235C1ZBEDELWEISS RURAL & CORPORATE SERVICES LIMITED - Edelweiss Commodities Services,19AAKCS7311R2ZJEDELWEISS GLOBAL WEALTH MANAGEMENT LIMITED - Edelweiss Global Wealth,04AABCI7567C1ZREDELWEISS INSURANCE BROKERS LIMITED - Edelweiss Insurance Brokers,27AAACI7196J1Z4MANJU ENTERPRISES PRIVATE LIMITED - MANJU ENTERPRISES,09AAFCM1012J1ZQEDUSUCCESS KNOWLEDGE SYSTEMS PRIVATE LIMITED - EduSaksham,29AADCE9656N1ZSEGIS INDIA CONSULTING ENGINEERS PRIVATE LIMITED - Egis India Consulting Engineers,06AACCB6390F2ZREIH ASSOCIATED HOTELS LIMITED - EIH Associated Hotels,07AAACE2125M1ZTEISAI PHARMACEUTICALS INDIA PRIVATE LIMITED - EISAI,27AABCE8168P1ZXEKO INDIA FINANCIAL SERVICES PRIVATE LIMITED - Eko Financial Services,06AABCE8314M1ZJEKTA WORLD PRIVATE LIMITED - Ekta World,27AABCE9770F1ZGELANTAS BECK INDIA LIMITED - ELANTAS BECK INDIA,27AAACD0538M2ZMELDECO INFRASTRUCTURE AND PROPERTIES LIMITED - Eldeco Infrastructure,08AAACE8177D1ZMELECMEC ENGINEERING & PROJECTS PRIVATE LIMITED - Elecmec Engineering,27AADCE9111C1Z1ELECTRODRIVE POWERTRAIN SOLUTIONS PRIVATE LIMITED - ELECTRA EV,33AAECE7293A1ZWELECTRONICA FINANCE LIMITED - Electronica Finance,24AAACE4577B1Z0ELECTRONICA PLASTIC MACHINES LIMITED - Electronica Plastic Machines,27AACCE0874D1ZWELECTROSTEEL STEELS LIMITED - Electrosteel Steels,21AABCE6875H1ZOELEVEN COURSE HOSPITALITY PRIVATE LIMITED - ELEVEN COURSE,07AADCE5594P1ZXELICA PB INDIA PRIVATE LIMITED - ELICA,27AACCE3614M1ZLELIN ELECTRONICS LTD. - Elin Electronics,09AAACE6449G1ZJELKEM SOUTH ASIA PRIVATE LIMITED - ELKEM SOUTH ASIA,37AAACE2668M1ZAELKOS PENS LIMITED - Elkos,19AABCE1787C1ZQELOFIC INDUSTRIES LIMITED - Elofic Industries,22AAACE0425C1ZNELPPE CHEMICALS PRIVATE LIMITED - Elppe Chemicals,27AAACE1427E1Z5EMAAR MGF LAND LIMITED - Emaar,36AABCE4308B1Z9EMAMI AGROTECH LIMITED - Emami Biotech,37AABCN7953M1ZUEMAMI PAPER MILLS LIMITED - Emami Paper,27AABCG1428Q3ZAEMBASSY OFFICE PARKS PRIVATE LIMITED - Embassy Office Parks,27AADCE2004J1Z0EMBEE SOFTWARE PVT LTD - Embee,07AAACE6958L1Z6EMCOR PACKAGING PRIVATE LIMITED - Emcor Packaging,36AABCE6169L1Z9EMCURE PHARMACEUTICALS LIMITED - Emcure,08AAACE4574C1ZVEMERALD CARS PRIVATE LIMITED - Emerald,24AABCE7619P1Z9EMERSON CLIMATE TECHNOLOGIES (INDIA) PRIVATE LIMITED - Emerson Climate Technologies (India),33AAACK7291C2ZREMMVEE PHOTOVOLTAIC POWER PRIVATE LIMITED - Emmvee Photovoltaic Power,29AABCE7342P1Z3EMPAYS PAYMENT SYSTEMS INDIA PRIVATE LIMITED - Empays,27AACCE3023C1ZBEMPIRE INDUSTRIES LIMITED - Empire Industries,36AAACE2757R1Z4EMTEX ENGINEERING PRIVATE LIMITED - Emtex Engineering,24AACCE8463G1ZNEMU LINES PRIVATE LIMITED - EMU,27AAACE3803E1Z5EMUDHRA LIMITED - eMudhra,29AAACZ3347G1Z5COASTAL ENERGEN PRIVATE LIMITED - ENERGEN,33AADCC0886G1ZUENERPARC ENERGY PRIVATE LIMITED - Enerparc,29AADCE2330D1Z4ENGIE ENERGY AND SERVICES INDIA PRIVATE LIMITED - Engie Energy,06AAACT5405D1ZUENHANCE AESTHETIC & COSMETIC STUDIO PRIVATE LIMITED - Enhance Aesthetic and Cosmetic Studio,19AACCE9208R1ZYENKEI WHEELS (INDIA) LIMITED - ENKEI WHEELS INDIA,27AACCE3082B1Z2ENMOVIL SOLUTIONS PRIVATE LIMITED - Enmovil,36AAECE1246K1ZOENOVUS ENTERPRISES PRIVATE LIMITED - ENOVUS ENTERPRISES,07AADCE8435H2ZJENRICH HAIR AND SKIN SOLUTIONS PRIVATE LIMITED - Enrich Salon,27AABCE3307L1ZQENSURITY TECHNOLOGIES PRIVATE LIMITED - Ensurity,36AABCU2613D1ZTRR ELECTRICALS PRIVATE LIMITED - RR Electricals,09AAHCR9123P1ZNENVIRO CONTROL ASSOCIATES (INDIA) PRIVATE LIMITED - Enviro Control,29AAACE8700C1ZZENVIRON SPECIALITY CHEMICALS PRIVATE LIMITED - Environ,19AAACE8977H1Z3ENZEN WATER SOLUTIONS PRIVATE LIMITED - Enzen Water Solutions,29AABCE9483H1Z6EON KHARADI INFRASTRUCTURE PRIVATE LIMITED - Eon Kharadi,27AABCE5314K2ZOEPAM SYSTEMS INDIA PRIVATE LIMITED - EPAM,36AAACW2012R1Z6EPICUREAN HOSPITALITY SERVICES PRIVATE LIMITED - EPICUREAN,09AABCE3183C1ZXEPISODE TECHNOLOGIES PRIVATE LIMITED - Episode Technologies,33AAECE5768Q1ZZEPSILON CARBON PRIVATE LIMITED - Epsilon Carbon,27AAICA7928E1ZJEPSON INDIA PRIVATE LIMITED - Epson India,20AAACE7858F1ZUEQUIFAX CREDIT INFORMATION SERVICES PRIVATE LIMITED - Equifax India,27AACCE0474F1ZWEQUIRUS CAPITAL PRIVATE LIMITED - Equirus Capital,27AABCE8020A1Z9ERC EYE CARE PRIVATE LIMITED - ERC Eye Care,18AADCE4030E1Z4ERGOS BUSINESS SOLUTIONS PRIVATE LIMITED - ERGOS,10AADCE0080C3ZKERICSON INSURANCE TPA PRIVATE LIMITED - ERICSON,27AACCE7732L1ZCERICSSON INDIA GLOBAL SERVICES PRIVATE LIMITED - Ericsson India,33AACCE4175D1Z1ERUDITUS EDUCATION PRIVATE LIMITED - Eruditus,27AACCE5419Q1Z6ESAB INDIA LIMITED - Esab India,27AAACE0861G1ZXESDS SOFTWARE SOLUTION PRIVATE LIMITED - ESDS Software,27AABCE4981A1ZVESHAKTI.COM PRIVATE LIMITED - Eshakti.Com,33AAACE6772C2ZXHITRO ENERGY SOLUTIONS PRIVATE LIMITED - HITRO,33AADCH4041G1Z2ESSAE DIGITRONICS PRIVATE LIMITED - Essae Digitronics,29AAACE3212F1Z4ESSAR SHIPPING LIMITED. - Essar Shipping,27AACCE3707D1Z2ESSEL MINING & INDUSTRIES LTD - ESSEL,06AAACE6607L1ZMESSEL VISION PRODUCTIONS LIMITED - Essel Vision Productions,27AACCI2179P1Z1ESSILOR INDIA PRIVATE LIMITED - Essilor,37AAACE4623J1ZPETAWAH-CHAKERI (KANPUR) HIGHWAY PRIVATE LIMITED - Etawah Chakeri,09AACCE8963D1ZGETC AGRO PROCESSING (INDIA) PRIVATE LIMITED - ETC Agro Processing,21AABCE9812E1Z3EUGIA PHARMA SPECIALITIES LIMITED - EUGIA PHARMA,36AADCE3429K1ZKEUREKA FORBES LTD - Eureka Forbes,30AAACE5767F1ZXEURO DECOR PRIVATE LIMITED - Euro Decor,27AABCS4248L2Z1EUROKIDS INTERNATIONAL PRIVATE LIMITED - EuroKids,29AAACI7165B1ZOEURONET SERVICES INDIA PRIVATE LIMITED - Euronet Worldwide,19AABCE0288Q1Z3EVEREST KANTO CYLINDER LIMITED - Everest Kanto Cylinder Ltd.,27AAACE0836F1Z0EXCEED ENTERTAINMENT PRIVATE LIMITED - Exceed Entertainment,27AAECC0520C1ZFEXCEL DIAGNOSTICS PRIVATE LIMITED - EXCEL DIAGNOSTICS,24AAFCE9681D1ZKEXCEL OVERSEAS PVT LTD - Excel overseas,27AAACE1857G1ZREXCELL AUTOVISTA PRIVATE LIMITED - Excell Autovista,27AABCE4442J1ZOEXEL RUBBER LIMITED - Exel,37AAACE4495J1ZBEXOTEL TECHCOM PRIVATE LIMITED - Exotel,29AACCE7697J1ZWEXOTIC FRUITS PRIVATE LIMITED - Exotic Fruits,33AAACE6341F1Z3EXPANDED POLYMER SYSTEMS PRIVATE LIMITED - Expanded Polymer,32AABCE8627R1Z6EXPO FREIGHT PRIVATE LIMITED - Expo Freight,06AAACE2126J1Z0EXXONMOBIL COMPANY INDIA PRIVATE LIMITED - ExxonMobil,29AAACE3157H1ZOEXXONMOBIL LUBRICANTS PRIVATE LIMITED. - ExxonMobil Lubricants,29AABCE0207H2Z1EYE-Q VISION PRIVATE LIMITED - Eye Q,27AAECP1709L1ZAEYEGEAR OPTICS INDIA PRIVATE LIMITED - Eyegear Optics India,04AACCE0350Q1ZQEZETAP MOBILE SOLUTIONS PRIVATE LIMITED - EZEtap,29AACCE7925K1Z7FABINDIA OVERSEAS PRIVATE LIMITED - Fabindia Overseas,30AAACF0782H1Z3FABLE STREET LIFESTYLE SOLUTIONS PRIVATE LIMITED - FableStreet,07AACCF7606C1ZZFACILITIES AND BUILDING SOLUTIONS PRIVATE LIMITED - FABS,27AAACF8679F1ZAFACEBOOK INDIA ONLINE SERVICES PRIVATE LIMITED - Facebook India Online,36AABCF5150G1ZWFACES COSMETICS INDIA PRIVATE LIMITED - Faces Cosmetics,06AADCR7243N3ZYFACOR ALLOYS LIMITED - Facor,37AAACF8101C1Z6FAIRBRIDGE CAPITAL PRIVATE LIMITED - Fairbridge,27AABCF7607C1ZXFAIRASSETS TECHNOLOGIES INDIA PRIVATE LIMITED - Faircent,06AACCF1629F1Z0FAMOUS STUDIOS LIMITED - FAMOUS STUDIOS,27AAECM0930C1ZZFANATIC SPORTS PRIVATE LIMITED - FANATIC SPORTS,19AACCF3076E1ZQFANCY FOAM PRIVATE LIMITED - Fancy Foam,24AAACF3803H1Z4FARIDA SHOES PRIVATE LIMITED - Farida,33AAACF0496Q1ZBJAIN FARM FRESH FOODS LIMITED - FARM FRESH,36AADCJ4909K1ZCFARMART SERVICE PRIVATE LIMITED - FarMart,09AACCF7560M1Z5FARMLINK AGRI DISTRIBUTION AND MARKET LINKAGE PRIVATE LIMITED - FARMLINK,27AACCF4615P1ZBFARMSON PHARMACEUTICAL GUJARAT PRIVATE LIMITED - Farmson,24AAACF3358B1Z6FIELD FRESH VEGFRU PRIVATE LIMITED - Field Fresh Vegfru,07AABCF3312Q1ZKFAZE THREE LIMITED - Faze 3,33AACCA4981F1ZVFCC CLUTCH INDIA PRIVATE LIMITED - FCC,05AACCF4739N1ZCBASANT INDIA LIMITED - Basant India,27AAACB2137N1ZOFALCON CONTROL SYSTEMS AND AUTOMATION PRIVATE LIMITED - FCSA,27AACCF4289M1Z3THE FEDERAL BANK LIMITED - Federal Bank,18AABCT0020H1ZVFEDERAL-MOGUL GOETZE (INDIA) LIMITED - Federal-Mogul Goetze India,03AAACG3769M1ZFFEEDBACK INFRA PRIVATE LIMITED - Feedback Infra,34AAACF0066G1Z4FELIX ADVISORY PRIVATE LIMITED - Felix Advisory,06AACCF1420G1Z9FENA PRIVATE LIMITED - Fena,10AAACS0326G1Z6FERMI SOLARFARMS PRIVATE LIMITED - FERMI SOLARFARMS,07AAECN3445K1ZBMILACRON INDIA PRIVATE LIMITED - Ferromatik Milacron,37AABCC0881D1ZZFIDELITY BUSINESS SERVICES INDIA PRIVATE LIMITED - Fidelity Business Services India,29AAACF6175E1ZLFIDESTO PROJECTS PRIVATE LIMITED - Fidesto Projects,07AACCF3332M1ZNFIITJEE LIMITED. - Fiitjee,27AAACF2659M1ZBFIL INDUSTRIES PRIVATE LIMITED - FIL,27AACCF2775N1Z6FILATEX INDIA LIMITED - Filatex,07AAACF0027B2ZHFINBUD FINANCIAL SERVICES PRIVATE LIMITED - Finance Buddha,29AACCF0339C1Z1FINCSQUARE FINTECH PRIVATE LIMITED - Fincsquare,36AACCF5456A1ZYFINE ORGANIC INDUSTRIES LIMITED - Fine Organic Industries,24AAACF7911Q1ZCFINEDGE ADVISORY PRIVATE LIMITED - FinEdge Advisory,06AABCF8086H1ZGFINESTAR JEWELLERY & DIAMONDS PRIVATE LIMITED - Finestar,27AAACF7241F1ZUFINO PAYTECH LIMITED - FINO,23AAACF9869M1Z1FINOVA CAPITAL PRIVATE LIMITED - FINOVA CAPITAL,08AACCF6521A1Z5FIREFOX BIKES PRIVATE LIMITED - Firefox Bikes,07AABCL0338G1ZVFIRST ADVANTAGE PRIVATE LIMITED - First Advantage,29AAACZ1029M1Z1FIRST DATA (INDIA) PRIVATE LIMITED - First Data India,27AAACF9898A1ZDFIRSTMERIDIAN BUSINESS SERVICES PRIVATE LIMITED - FirstMeridian,29AADCF3124G1ZVFIVE FIGS HOSPITALITY PRIVATE LIMITED - Five Figs,07AABCF9842P1ZZFIVE-STAR BUSINESS FINANCE LIMITED - FIVE STAR BUSINESS CREDITS,37AAACF0419M2ZNFIXDERMA INDIA PRIVATE LIMITED - FixDerma,08AABCF8391H1ZCFLEMINGO TRAVEL RETAIL LIMITED - Flemingo Travel,27AACCD7412N1ZGFLEXITUFF VENTURES INTERNATIONAL LIMITED - Flexituff International,23AAACN5986H2Z9FLINTO LEARNING SOLUTIONS PRIVATE LIMITED - Flintobox,33AACCF2479D1ZXFLIPKART INTERNET PRIVATE LIMITED - Flipkart Internet,26AACCF0683K1ZJFLIPSPACES TECHNOLOGY LABS PRIVATE LIMITED - Flipspaces,27AACCF6130F1ZYFLOWMORE LIMITED - FLOWMORE,22AAACF0876E1Z3FLSMIDTH PRIVATE LIMITED - Flsmidth,08AAACF4997N1ZWFLUOR DANIEL INDIA PRIVATE LIMITED - Fluor India,06AAACF0927G1Z1FLYBIRD FARM INNOVATIONS PRIVATE LIMITED - FlyBird Innovations,29AACCF6199C1ZFFLYJAC LOGISTICS PRIVATE LIMITED - Flyjac Logistics,08AABCF2133M1ZPFLYLITE LUGGAGE (INDIA) PRIVATE LIMITED - Flylite,07AACCF2206N1ZQFMI AUTOMOTIVE COMPONENTS PRIVATE LIMITED - Fmi Automotive Components,06AABCF1682P1ZBFOOTBALL SPORTS DEVELOPMENT LIMITED - Football Sports,27AACCF2615D1Z4FORBES & COMPANY LIMITED - Forbes,24AAACF1765A8Z2FORBES MARSHALL PRIVATE LIMITED - Forbes Marshall,36AAACF3055F1ZZFORD CREDIT INDIA PRIVATE LIMITED - Ford Credit India,33AACCF3839P1ZAFORD MOTOR PRIVATE LIMITED - Ford Motor,33AAACF5984H2ZIFORTUM INDIA PRIVATE LIMITED - Fortum,08AACCF0436G1ZZFORTUNA ENGINEERING PRIVATE LIMITED - Fortuna Engineering,27AAACF2767Q1Z2FOSECO INDIA LIMITED - Foseco,27AAACF1049H1ZWFOXCONN HON HAI TECHNOLOGY INDIA MEGA DEVELOPMENT PRIVATE LIMITED - Foxconn Hon Hai,33AACCF7696L1Z3FOXCONN TECHNOLOGY (INDIA) PRIVATE LIMITED - Foxconn Technology,27AACCF6434A1Z1FOXCONN TECHNOLOGY INDIA DEVELOPMENT PRIVATE LIMITED - Foxconn Technology India Development,27AACCF6434A1Z1FRANKE FABER INDIA PRIVATE LIMITED - FRANKE,19AAACF4002G1Z4FRATELLI WINES PRIVATE LIMITED - Fratelli Wines,27AABCF2756L1ZEFREDUN PHARMACEUTICALS LIMITED - FREDUN PHARMACEUTICALS,27AAACF0581A1Z7FREIGHT SYSTEMS (INDIA) PRIVATE LIMITED - Freight Systems,03AAACF0677K1ZRFRESENIUS KABI INDIA PRIVATE LIMITED - Fresenius Kabi,09AAACF2614E1Z3FRESENIUS MEDICAL CARE INDIA PRIVATE LIMITED - Fresenius Medical,33AAACF9636N1Z9FRESH & HEALTHY ENTERPRISES LIMITED - FRESH & HEALTHY ENTERPRISES,06AAACF9616J1ZISIGNATURE INTERNATIONAL FOODS INDIA PRIVATE LIMITED - Fresh2Go,27AACCH2133E1Z3FRESHTOHOME FOODS PRIVATE LIMITED - FRESHTOHOME,29AACCJ6084E1ZFFRIGORIFICO ALLANA PRIVATE LIMITED - Frigorifico Allana,24AAACF0861F1Z4FRONTIER MARKETS CONSULTING PRIVATE LIMITED - Frontier Markets,08AABCF7366A1ZTFINANCIAL SOFTWARE AND SYSTEMS PRIVATE LIMITED - FSS Tech,35AAACF2351C1ZAKIRLOSKAR AAF LIMITED - KIRLOSKAR AAF,29AAACK7527M1Z1FUJIFILM INDIA PRIVATE LIMITED - Fujifilm India,36AABCF1594J1ZHFULLIFE HEALTHCARE PRIVATE LIMITED - FULLIFE HEALTHCARE,27AABCF4825G1ZRWEALTH INDIA FINANCIAL SERVICES PRIVATE LIMITED - Fundsindia,33AAACW8245Q1ZRKIERAYA FURNISHING SOLUTIONS PRIVATE LIMITED - Furlenco,29AAECK7357H1Z4FUTABA INDUSTRIAL GUJARAT PRIVATE LIMITED - Futaba Industrial Gujarat,24AADCF0299A1Z3FUTURE GENERALI INDIA LIFE INSURANCE COMPANY LIMITED - FUTURE GENERALI,13AABCF0190Q1ZLFUTURE GENERALI INDIA INSURANCE COMPANY LIMITED - Future Generali India Insurance,10AABCF0191R1ZOFYLE TECHNOLOGIES PRIVATE LIMITED - Fyle Technologies,29AACCF7496A1ZHG CORP DEVELOPERS PRIVATE LIMITED - G CORP,29AADCG8578P1ZJG D GOENKA PRIVATE LIMITED - G D Goenka,07AACCG5646D1ZSG.M. PENS INTERNATIONAL PRIVATE LIMITED - G M Pens International,36AAACG1150E1Z8G-SQUARE SOLUTIONS PRIVATE LIMITED - G Square solutions,27AAFCG7919N1ZYG4S FACILITY SERVICES (INDIA) PRIVATE LIMITED - G4S Facility Services,09AABCG8346B1ZQGADRE INFOTECH PRIVATE LIMITED - Gadre Infotech,27AADCG3218J1ZOGADRE MARINE EXPORT PVT LTD - Gadre Marine Export,24AABCG4138R1ZBGAINWELL COMMOSALES PRIVATE LIMITED - Gainwell Commosales,07AAFCG8736M1Z1GALADA FINANCE LIMITED - Galada,33AABCG6566B1ZXGALLANTT ISPAT LIMITED - Gallantt Ispat,09AACCG2969B1ZOGAMES2WIN INDIA PRIVATE LIMITED - Games2Win,27AACCG5569M1Z1GANDHAR OIL REFINERY (INDIA) LIMITED - Gandhar Oil,37AAACG3996J2Z4GANDHI SPECIAL TUBES LIMITED - Gandhi Special Tubes,24AAACG1261C1ZDGANESH GRAINS LIMITED - Ganesh,19AABCG8539N1ZXGANESHA ECOSPHERE LIMITED - Ganesha Ecosphere,07AAACG6334N1ZEGANGAMAI INDUSTRIES AND CONSTRUCTIONS LIMITED - Gangamai Industries,27AABCG2199Q1ZYGANGAVARAM PORT LIMITED - Gangavaram Port,36AABCV3417E1ZMGANGWAL CHEMICALS PVT LTD - Gangwal Chemicals,27AAACG1463E1ZZGANTNER INSTRUMENTS (INDIA) PRIVATE LIMITED - Gantner Instruments India,33AADCG0679D1ZXGARUDA POLYFLEX FOODS PRIVATE LIMITED - Garuda Polyflex,27AAECG3047L2ZFGARWARE BESTRETCH LIMITED - Garware Bestretch,27AABCG8082C1ZPGATEWAY DISTRIPARKS LIMITED - Gateway Distriparks,27AAACG3425C1Z5GATEWAY RAIL FREIGHT LIMITED - Gateway Rail Freight,24AADCR3132N1ZEGAYATRI PROJECTS LIMITED - Gayatri Projects,29AAACG8040K1ZFGCA INDIA INVESTMENT ADVISERS PRIVATE LIMITED - GCA,27AAECG1826F1ZUENTHU TECHNOLOGY SOLUTIONS INDIA PRIVATE LIMITED - Enthu Technology Solutions,33AADCE9083H1ZJWIPRO GE HEALTHCARE PRIVATE LIMITED - Ge Healthcare,10AAACW1685J1ZFGEA PROCESS ENGINEERING (INDIA) PRIVATE LIMITED - Gea Process Engineering,20AAACL0566H1Z0GEECY ENGINEERING PRIVATE LIMITED - Geecy Engineering,27AAACG1432B1ZCGEM EDIBLE OILS PRIVATE LIMITED - Gem Edible Oils,29AACCG3203C1Z7GENERAL METALLISERS PRIVATE LIMITED - GENERAL METALLISERS,27AAACG4130A1ZDGENERAL MOTORS INDIA PRIVATE LIMITED - General Motors India,36AADCB7663C1ZSGENEREX PHARMASSIST PRIVATE LIMITED - GENEREX PHARMASSIST,27AACCG7184N1Z0GENESIS COLORS LIMITED - Genesis Colors,08AABCG4825H1ZOGENESYS TELECOM LABS INDIA PRIVATE LIMITED - Genesys,33AAECG4843Q1Z7GENETIX BIOTECH ASIA PRIVATE LIMITED - Genetix Biotech Asia,27AABCG4572B1ZWGENSOL CONSULTANTS PRIVATE LIMITED - Gensol,24AACCG8212B1Z8GENUS PAPER & BOARDS LIMITED - Genus Paper Boards,05AAECG5483A1ZXGESTAMP AUTOMOTIVE INDIA PRIVATE LIMITED - Gestamp Automotive,27AADCG1520D1Z8GHARDA CHEMICALS LIMITED - Gharda Chemicals,29AAACG1255E1ZXGIRDHARI LAL CONSTRUCTIONS PRIVATE LIMITED - Girdhari Lal Constructions,07AABCG9035B1ZYGIVAUDAN (INDIA) PRIVATE LIMITED - Givaudan,27AAACV7454J1ZYGKB ONLINE TRADING PRIVATE LIMITED - GKB ONLINE TRADING,19AAECG2154J1ZJGLISTER HOSPITALITY GURGAON PRIVATE LIMITED - Glister Hospitality Gurgaon,06AAFCG6603H1ZSGLOBAL AGRI RESOURCES PRIVATE LIMITED - Global Agri Resources,36AAFCG9580P1ZQGLOBAL ALUMINIUM PRIVATE LIMITED - Global Aluminium,36AAACG7398C1ZIHALDIRAM LIMITED - HALDIRAM,19AAACH6510R1Z6GLOBAL E-BUSINESS OPERATIONS PRIVATE LIMITED - Global E-Business Operations,29AABCG2843D1ZUGLOBAL HEALTH PRIVATE LIMITED - Global Health,20AACCG2681C1Z9RAVINDRANATH GE MEDICAL ASSOCIATES PRIVATE LIMITED - Global Hospitals,33AABCR4013N1ZJGLOBAL HOSPITALS PRIVATE LIMITED - Global Hospitals,33AAGCK0412P1ZMGLOBAL VECTRA HELICORP LIMITED - Global Vectra Helicorp,37AADCA9318F1ZPGLOBALLOGIC INDIA LIMITED - Globallogic,29AABCI2526F1ZSGLOBUS SPIRITS LIMITED - Globus Spirits,08AAACG2634B1Z6GLOCAL HEALTHCARE SYSTEMS PRIVATE LIMITED - Glocal Healthcare Systems,19AADCG8877D1Z7GLOSTER CABLES LIMITED - Gloster Cables,29AAACC8377R1ZPGLOVIS INDIA PRIVATE LIMITED - Glovis India,27AACCG5453E1ZRGLOWDERMA LAB PRIVATE LIMITED - GLOWDERMA,02AACCG0928Q1ZKGLS FILMS INDUSTRIES PRIVATE LIMITED - GLS Films,04AADCG5681K2ZEGMM PFAUDLER LIMITED - GMM PFAUDLER,37AABCG0563A1Z6GMMCO LTD - Gmmco,24AABCG0949C1Z3GMR ENERGY LIMITED - Gmr Energy,29AAACT8420A1ZNGRAND NOTTING HILLS HOTEL & RESORTS PRIVATE LIMITED - GNH Hotels & Resorts,07AADCG3702H1ZYGOA BREWCRAFTS PRIVATE LIMITED - Goa Brewcrafts,30AAGCG4496D1ZTGOA CARBON LIMITED - Goa Carbon,30AAACG6842K2ZPGOBIND SUGAR MILLS LTD. - Gobind Sugar Mills,09AABCG0947N1ZAGOBLIN INDIA LIMITED - GOBLIN INDIA,27AAACC7794C1ZLGOCOOP SOLUTIONS AND SERVICES PRIVATE LIMITED - GoCoop,29AAECG4906A1ZXGODAVARI BIOREFINERIES LIMITED - GODAVARI BIOREFINERIES,27AABCG2543C1Z3GODREJ PROPERTIES LIMITED - Godrej Properties,19AAACG3995M1ZYGOKALDAS EXPORTS LIMITED - Gokaldas Exports,37AACCG0895N1Z3GOLD STAR JEWELLERY PRIVATE LIMITED - Gold Star Jewellery,27AADCG1446Q1Z8SHUBHAM GOLDIEE MASALE PRIVATE LIMITED - Goldiee,09AAFCS0265H1ZCGOLDMAN SACHS (INDIA) SECURITIES PRIVATE LIMITED - Goldman Sachs,29AAFCA6819F1ZKGOLDWIN MEDICARE LIMITED - Goldwin Medicare,27AAACG1418R1ZDGOLOKA DAIRY PRODUCTS PRIVATE LIMITED - Goloka Dairy Products,27AACCG8010F1ZYGOMA ENGINEERING PVT LTD - GOMA,27AABCG1059K1ZLGOOD HEALTH INSURANCE TPA LIMITED - Good Health TPA,27AABCG8036G1ZNGOODCARE PHARMA PVT LTD - GOODCARE,06AAACG9260B1ZYTEAMONK GLOBAL FOODS PRIVATE LIMITED - TEAMONK,06AAFCT7209J1Z6GOODEARTH MARITIME LIMITED - Goodearth Maritime,33AABCG3285D1ZZGOODYEAR SOUTH ASIA TYRES PRIVATE LIMITED - Goodyear South Asia Tyres,27AABCG5544P1Z5GOOGLE INDIA DIGITAL SERVICES PRIVATE LIMITED - Google Pay,06AAGCG6803L1ZGGOPAL RAYON INDUSTRIES PRIVATE LIMITED - Gopal Rayon,24AACCG2853L1ZKGOPALJEE DAIRY FOODS PRIVATE LIMITED - Gopaljee Dairy,03AACCR8497F1Z6GOPI SYNTHETICS PVT LTD - Gopi Synthetics,24AAACG7683G1ZJGOURMET AURA PRIVATE LIMITED - Gourmet Aura,07AAFCG9539E1ZFGOZOOP ONLINE PRIVATE LIMITED - Gozoop,27AADCG8315L1ZCGPX INDIA PRIVATE LIMITED - GPX India,27AADCG5159N1Z4GRAB A GRUB SERVICES PRIVATE LIMITED - Grab,27AAFCG7837F1ZEGRACE INFRASTRUCTURE PRIVATE LIMITED - Grace Infrastructure,27AABCU4996P1ZDGRAMENER TECHNOLOGY SOLUTIONS PRIVATE LIMITED - GramEner Technology Solutions,36AADCG7682C1ZKGRAPHENE SEMICONDUCTOR SERVICES PRIVATE LIMITED - Graphene Semiconductors,29AAFCG1600E1Z3GRAPHIC DIGITAL PRIVATE LIMITED - Graphic India,06AABCD3773D1ZYGRAVITA INDIA LIMITED - Gravita India,37AAACG6753F1ZLGREEN ELECTRICALS PRIVATE LIMITED - Green Electricals,27AABCG0681M1ZFGREEN GAS LIMITED - Green Gas,33AAGCG3434M2ZJGREEN VALLIEY INDUSTRIES LIMITED - Green Valliey,17AACCG9000D1Z3GREENO TECH SOLUTIONS PRIVATE LIMITED - Greeno Tech Solutions,33AAECG6148A1Z2GREY ORANGE INDIA PRIVATE LIMITED - Grey Orange India,29AAFCG6416L1Z8GRIDBOTS TECHNOLOGIES PRIVATE LIMITED - GRIDBOTS,24AADCG4929L1ZEGROVER ZAMPA VINEYARDS LIMITED - Grover Zampa,04AAACG3592Q2Z7GROWEL FEEDS PRIVATE LIMITED - Growel Feeds,37AADCG0564F1ZTGROZ ENGINEERING TOOLS PRIVATE LIMITED - Groz Engineering Tools,09AABCG4017H1ZUGRT JEWELLERS (INDIA) PRIVATE LIMITED - Grt Jewellers (India),29AAACR3582R1ZLGRUH FINANCE LIMITED - GRUH,24AAACG7010K1ZXGS CALTEX INDIA PRIVATE LIMITED - GS Caltex,08AADCG6605R1Z3GSA PLANT ENGINEERING SERVICES PRIVATE LIMITED - GSA Plant,24AABCG7320B1ZAGSTAAD HOTELS PRIVATE LIMITED - Gstaad Hotels,27AACCG1048B3Z4GTEE BOTANICAL EXTRACT PRIVATE LIMITED - GTEE,29AABCG9522B1ZSGTFS MULTI SERVICES LIMITED - Gtfs Multi Services,06AACCG1216D1ZCGTL LIMITED - GTL Limited,34AAACG3742L1ZNGTN INDUSTRIES LIMITED - GTN Industries,33AAACG8605N1ZHGTPL HATHWAY LIMITED - GTPL,27AACCG6676M1ZZGUARDIAN PLASTICOTE LTD - Guardian Plasticote,19AABCG1294L1ZBGUARENTED RENTALS PRIVATE LIMITED - GUARENTED,29AAGCG2652M1Z7GUFIC BIOSCIENCES LIMITED - Gufic Biosciences,33AAACC3419N1ZRGUFIC LIFESCIENCES PRIVATE LIMITED - Gufic Lifesciences,24AAECG7922Q1Z4GUJARAT CHEMICAL PORT LIMITED - Gujarat Chemical Port Terminal,24AAACG6861A1Z1GUJARAT FLOTEX PRIVATE LIMITED - Gujarat Flotex,24AAFCK7346B1ZSGUJARAT GAS LIMITED - GUJARAT GAS,24AHMG05349B1DTGUJARAT TEA PROCESSORS AND PACKERS LIMITED - Gujarat Tea Processors and Packers,07AAACG5594L1Z6GUJARAT TRANSFORMERS PVT LTD - Gujarat Transformers,24AAACG7099L1Z6GULBRANDSEN CHEMICALS PRIVATE LIMITED - Gulbrandsen Chemicals,24AABCG0812A1ZLGURUVAYOOR INFRASTRUCTURE PRIVATE LIMITED - Guruvayoor Infra,32AAFCG3842E1Z0GVK AIRPORT DEVELOPERS LIMITED - GVK AIRPORT DEVELOPERS,36AACCG5286D1ZNGVK BIOSCIENCES PRIVATE LIMITED - GVK Bio,29AABCG3208J1ZOGVK JAIPUR EXPRESSWAY PRIVATE LIMITED - GVK Jaipur Expressway,37AABCG5541J1ZJGVK POWER (GOINDWAL SAHIB) LIMITED - Gvk Power Goindwal Sahib,36AAACG7488H2Z8H & M HENNES & MAURITZ RETAIL PRIVATE LIMITED - H & M Hennes & Mauritz Retail,09AADCH3567M1Z3H D WIRES PVT LTD - H D Wires,27AAACH4288C1ZPH G GRAPHICS PRIVATE LIMITED - H G Graphics,09AABCH9083J1Z4H.L. AGRO PRODUCTS PRIVATE LIMITED - H L AGRO,09AABCH3420R1ZBH.B. FULLER INDIA ADHESIVES PRIVATE LIMITED - H.B. FULLER,33AACCH1671D1Z3HAIER APPLIANCES (INDIA) PRIVATE LIMITED - Haier,06AABCH3162L1ZMHAL OFFSHORE LIMITED - Hal Offshore,18AAACH3144B1Z5FRESHWAY SERVICES LLP - Freshway,24AADFF9089P1ZOHALDIRAM MANUFACTURING COMPANY PRIVATE LIMITED - Haldiram Manufacturing,06AAACH3170K1ZPSUPA STAR FOODS PRIVATE LIMITED - Supa Star Foods,07AAVCS7748D1ZQHALONIX TECHNOLOGIES PRIVATE LIMITED - Halonix Technologies,21AACCH1914R1ZLHANON AUTOMOTIVE SYSTEMS INDIA PRIVATE LIMITED - Hanon Automotive,27AAACM6890R1ZLHANS ISPAT LIMITED - Hans Ispat,24AABCH2447Q1ZCHANSA VISION INDIA PRIVATE LIMITED - HANSA VISION,27AABCT3770E1ZFHAPPHO SOLUTIONS V-MART PRIVATE LIMITED - Happho,27AAECH0057R1Z7HAPPIEST MINDS TECHNOLOGIES PRIVATE LIMITED - Happiest Minds,29AACCH6301G1ZTHAPPILY UNMARRIED MARKETING PRIVATE LIMITED - HappilyUnmarried.com,19AABCH9506Q1ZXHAPPY FORGINGS LIMITED - Happy Forging,03AAACH4369J1ZMHAPPY INSURANCE TPA SERVICES PRIVATE LIMITED - HAPPY INSURANCE TPA,19AACCH5945A1ZQHARE KRISHNA METALLICS PRIVATE LIMITED - Hare Krishna Metallics,29AABCH5291E1ZJHARI DARSHAN SEVASHRAM PRIVATE LIMITED - Hari Darshan,07AAACH5523Q1ZAHARITA SEATING SYSTEMS LIMITED - HARITA SEATING SYSTEMS,29AAACH2492N1Z4HARIYANA SHIP BREAKERS LIMITED - Hariyana Ship Breakers Ltd.,27AAACH2476E1ZRHARMAN INTERNATIONAL (INDIA) PRIVATE LIMITED - Harman,27AACCH1585J1ZEHARMAN FINOCHEM LIMITED - Harman Finochem,27AABCH3223J1ZSHARMONY FOODS PRIVATE LIMITED - Harmony Foods,37AABCH4529F1ZPHARRISONS MALAYALAM LIMITED - Harrisons Malayalam Ltd.,32AAACH6769C1ZSHARSHA ABAKUS SOLAR PRIVATE LIMITED - Harsha Abakus Solar,33AACCH5549Q2Z2HARSHA AUTOMOBILES PRIVATE LIMITED - Harsha Automobiles,33AACCH0767Q1Z9HARYANA POWER GENERATION CORPORATION LTD - Haryana Power Generation Corporation,06AABCH4536J2ZLHASIRU DALA INNOVATIONS PRIVATE LIMITED - Hasiru Dala,29AADCH7179R1ZJHATHWAY CABLE & DATACOM LIMITED - Hathway Cable & Datacom,06AAACC6814B1Z8HAVMOR ICE CREAM PRIVATE LIMITED - Havmor,07AABCH6766L1Z4HAWORTH INDIA PVT LTD - Haworth,37AAACH8417K1ZCHAYLIDE CHEMICALS PRIVATE LIMITED - Haylide Chemicals,23AACCH4189A1ZZHAZIRA PORT PRIVATE LIMITED - Hazira Port,24AAICA0970E1Z1HBL POWER SYSTEMS LIMITED - HBL Power Systems,10AAACH8421K1ZWINTERNATIONAL ONCOLOGY SERVICES PRIVATE LIMITED - International Oncology Services,07AAFCA5652E1ZVINTERNET DATA SERVICES (INDIA) PRIVATE LIMITED - Internet Data Services,27AAACI2698P2ZUINTERPORT GLOBAL LOGISTICS PRIVATE LIMITED - INTERPORT GLOBAL,33AAACI3746A2Z5INTERVIEWBIT SOFTWARE SERVICES LLP - InterviewBit,27AAFFI3588N1ZPCUBICAL LABORATORIES PRIVATE LIMITED - CUBICAL,07AAFCC5016J1ZSINTRASOFT TECHNOLOGIES LIMITED - Intrasoft Technologies,27AAACI5273N1Z6INTRON LIFE SCIENCES PRIVATE LIMITED - Intron Life Sciences,37AAFCI0026E1Z2INVENTIA HEALTHCARE LIMITED - INVENTIA HEALTHCARE,01AABCT5371R1Z1INVESTEC CAPITAL SERVICES (INDIA) PRIVATE LIMITED - INVESTEC INDIA,27AACCI3378N1Z2IRB JAIPUR DEOLI TOLLWAY LIMITED - IRB Jaipur Deoli Tollway,27AACCI1724Q1ZAIRB PATHANKOT AMRITSAR TOLL ROAD LIMITED - IRB Pathankot Amritsar Toll Road,27AACCI1398G1ZHIRB SURAT DAHISAR TOLLWAY LIMITED - IRB Surat Dahisar Tollway,27AABCI8729E1ZHIREL (INDIA) LIMITED - IREL,27MUMI05321B1DRIRIS COMPUTERS LIMITED - Iris Computers,10AAACI9670H1ZPIRM ENERGY PRIVATE LIMITED - IRM Energy,24AADCI9965Q1ZOISCON SURGICALS LIMITED - ISCON SURGICALS,07AAACI3030K1ZVINTERNATIONAL SEAPORT DREDGING PRIVATE LIMITED - ISD,27AABCI2286E1ZPISHIDA INDIA PRIVATE LIMITED - ishida,27AABCI6709G1ZLISOURCE I.T. ENABLED SERVICES PRIVATE LIMITED - ISOURCE,33AABCI6581N1Z7ISS SDB SECURITY SERVICES PRIVATE LIMITED - ISS SDB,03AAACT3628C1ZXISSAC TECHNOLOGIES PRIVATE LIMITED - Issac Technologies,19AABCI8427K1Z6ISTAR SKILL DEVELOPMENT PRIVATE LIMITED - Istar Skill Development,29AACCI2649L1Z6ISUZU MOTORS INDIA PRIVATE LIMITED - Isuzu Motors,37AADCI0223K1ZSITC ESSENTRA LIMITED - ITC ESSENTRA,29AAACI5640P1Z3INDIA TOURISM DEVELOPMENT CORPORATION LIMITED - ITDC,33AAACI0825J1ZXITM EDUTECH TRAINING PRIVATE LIMITED - ITM Edutech,27AACCI8889C1Z7IVALUE INFOSOLUTIONS PRIVATE LIMITED - Ivalue Infosolutions,36AABCI8601B1Z1IVL DHUNSERI PETROCHEM INDUSTRIES PRIVATE LIMITED - Ivl Dhunseri Petrochem Industries,06AAFCD5214M1ZNIVTL INFOVIEW TECHNOLOGIES PRIVATE LIMITED - IVTL Infoview,33AAACI7550A1Z4J J IMPEX (DELHI) PRIVATE LIMITED - J J Impex Delhi,07AABCJ3457E1ZRJ.R.G. INFRASTRUCTURE PRIVATE LIMITED - J.R.G. INFRASTRUCTURE,06AABCH9309P1Z5JAGATJIT INDUSTRIES LIMITED - JAGATJIT INDUSTRIES,03AAACJ1525E1ZBJAI BHARAT GUM AND CHEMICALS LTD - Jai Bharat Gum And Chemicals,08AAACJ2998M1ZXJAIGAD POWERTRANSCO LIMITED - Jaigad PowerTransco,27AACCJ0283B1Z0JAIHIND PROJECTS LIMITED - Jaihind Projects,37AAACJ9366R1ZMJAKHAU SALT COMPANY PRIVATE LIMITED - JAKHAU SALT COMPANY,33AAACW0867G2ZFJAKSON ENGINEERS LIMITED - Jakson,02AAACJ1625K1ZZJAKSON LIMITED - Jakson,10AAACJ5347C1Z8JALONGI RETAIL PRIVATE LIMITED - Jalongi,06AAECJ1793Q1ZYJAMNA AUTO INDUSTRIES LIMITED - Jamna,33AAACJ3929N1ZDJANA CAPITAL LIMITED - JANA CAPITAL,29AADCJ6069Q1ZOJANAKALYAN FINANCIAL SERVICES PRIVATE LIMITED - JANAKALYAN FINANCIAL SERVICES,19AADCJ7694P1ZIJANSONS INDUSTRIES LIMITED - Jansons,33AAACJ5438J1ZLJANUS CORPORATION LIMITED - Janus Corporation,27AABCP9632R2ZMJASPER INDUSTRIES PRIVATE LIMITED - Jasper Industries,36AAACJ5760H1ZJJASRA GRAPHICS PRIVATE LIMITED - Jasra Graphics,27AAACW1638F1ZGJAY CHEMICAL INDUSTRIES LIMITED - Jay Chemical Industries,27AAACJ7628J1ZAJAY JAY MILLS INDIA PRIVATE LIMITED - Jay Jay Mills India,33AAACJ7915N1ZBJAYPEE HEALTHCARE LIMITED - Jaypee Healthcare,09AACCJ9811D1ZMJAYSHREE CHEMICALS LIMITED - Jayshree Chemicals Ltd.,19AAACJ6736B1ZPJC WORLD HOSPITALITY PRIVATE LIMITED - Jc World Hospitality,09AACCJ9340F1ZIJEEV DIAGNOSTICS PRIVATE LIMITED - Jeev Diagnostics,07AADCJ3138Q1Z6JEFFERIES INDIA PRIVATE LIMITED - Jefferies,27AABCJ7850R1ZTJETKING INFOTRAIN LIMITED - Jetking Infotrain,19AAACJ1533A1Z6JETSYNTHESYS PRIVATE LIMITED - JETSYNTHESYS,27AAICM1358A1ZRVJ JINDAL COCOA PRIVATE LIMITED - Jindal Cocoa,27AAFCV7278R1Z7JINDAL DRILLING AND INDUSTRIES LIMITED - Jindal Drilling & Industries,16AAACJ0797L1Z9JINDAL FITTINGS LIMITED - Jindal Fittings,27AACCJ5987E1Z9JINDAL RAIL INFRASTRUCTURE LIMITED - Jindal Rail Infrastructure,07AABCJ9516E2ZMJINDAL UNITED STEEL LIMITED - Jindal United Steel,21AADCJ4180C1Z5JIVOX SOFTWARE INDIA PRIVATE LIMITED - Jivox,29AABCJ8475C1ZDJMT AUTO LIMITED - JMT Auto,29AAACJ7282Q1ZQJOCIL LIMITED - Jocil,07AAACJ5606L1ZIJODAS EXPOIM PRIVATE LIMITED - JODAS EXPOIM,36AABCJ8653L1Z3JOHN DEERE INDIA PRIVATE LIMITED - John Deere IN,29AAACJ4233B2ZZJOHN DISTILLERIES PRIVATE LIMITED - John Distilleries,29AAACJ4322P1Z9JOSH TALKS PRIVATE LIMITED - JOSH TALKS,06AADCJ4358G1ZLJR TOLL ROAD PRIVATE LIMITED - JR Toll Road,08AACCJ2583L1Z8JS MOBILEON PRIVATE LIMITED - JS MOBILEON,05AADCJ4950A1Z1JSIW INFRASTRUCTURE PRIVATE LIMITED - Jsiw Infrastructure,09AABCJ8501F1ZQJUHI INDUSTRIES PRIVATE LIMITED - Juhi Industries,20AABCJ2920J1Z2JUHU BEACH RESORTS LIMITED - JUHU BEACH RESORTS,27AAACJ0912D1Z6JUMBOKING FOODS PRIVATE LIMITED - Jumboking,27AABCJ4309F1ZUJUMBOTAIL TECHNOLOGIES PRIVATE LIMITED - Jumbotail Technologies,29AADCJ6026H2ZHJUMBOTAIL WHOLESALE PRIVATE LIMITED - Jumbotail Wholesale,29AADCJ7381H1Z6JUNIPER HOTELS PRIVATE LIMITED - Juniper Hotels,07AAECS6336E1ZFJUSPAY TECHNOLOGIES PRIVATE LIMITED - Juspay,33AACCJ9163G1ZKCREDENCE REDEFINED SERVICES PRIVATE LIMITED - JustVerified,21AAGCC4631E1Z9JYOTHY FABRICARE SERVICES LIMITED - Jyothy Fabricare,07AACCJ0461D2Z1JYOTHY LABS LIMITED - Jyothy Labs,27AAACJ3213B2Z9SHARP ELECTRODES PRIVATE LIMITED - Sharp Electrodes,33AADCS8157Q1ZPK K NAG PRIVATE LIMITED - K K Nag,32AAACK2676H2ZOK PATEL PHYTO EXTRACTIONS PRIVATE LIMITED - K Patel Phyto Extractions,27AACCK4602R1Z7K RAHEJA CORP PRIVATE LIMITED - K Raheja,27AAACP0522B1Z6K7 COMPUTING PRIVATE LIMITED - K7 Computing,06AABCK1942M1ZHKAILASH HEALTHCARE LIMITED - Kailash Hospital,05AABCK8840N1Z6KAKINADA SEAPORTS LIMITED - Kakinada Seaports,37AABCC2006Q1ZNKALEIDOFIN PRIVATE LIMITED - KALEIDOFIN,33AAGCK7048H1ZHKALLOS SOLUTIONS PRIVATE LIMITED - Kallos Solutions,33AACCK1785F1ZPSATPURA TRANSCO PRIVATE LIMITED - Kalpataru Satpura Transco,23AAFCK2049H1ZSKALYANI MOTORS PRIVATE LIMITED - Kalyani Motors,36AACCK9165B1ZLKAMA AYURVEDA PRIVATE LIMITED - Kama Ayurveda,32AABCK8223B1Z5KAMADGIRI FASHION LIMITED - Kamadgiri Fashion,24AAACK1654P1ZDKANCHI KARPOORAM LIMITED - Kanchi Karpooram,33AAACK2985K1ZCKANJI FOREX PRIVATE LIMITED - Kanji Forex,27AABCK3418J1ZKKAPILS SALON INDIA PRIVATE LIMITED - KAPILS SALON,27AADCK9549C1ZDKAPOOR WATCH COMPANY PRIVATE LIMITED - Kapoor Watch Company,06AAACK3885A1ZTKAPSONS INDUSTRIES PRIVATE LIMITED - Kapsons Industries,27AAACK9887G1ZZKARACHI HOSPITALITY AND CATERING SERVICES PRIVATE LIMITED - Karachi Hospitality & Catering,07AACCK7240F1ZQKARAIKAL PORT PRIVATE LIMITED - Karaikal Port,34AACCK8122E1ZWKARUR VYSYA BANK LIMITED - Karur Vysya Bank,27AAACT3373J1Z6KARVY DATA MANAGEMENT SERVICES LIMITED - Karvy Data Management,27AADCK4066C1ZRKARVY FINANCIAL SERVICES LIMITED - Karvy Financial Services,09AACCK6354L1Z4KARVY INNOTECH LIMITED - Karvy Innotech,07AADCH0303D1ZEKARVY STOCK BROKING LIMITED - Karvy Stock Broking,36AABCK5190K2Z9KARZA TECHNOLOGIES PRIVATE LIMITED - KARZA TECHNOLOGIES,27AAFCK8380D1ZEKATRA PHYTOCHEM (INDIA) PRIVATE LIMITED - Katra Phytochem,29AABCA4709N1ZEKAVERI SEED COMPANY LIMITED - Kaveri Seed Company Ltd.,09AABCK2468C1ZPKAYEM FOOD INDUSTRIES PRIVATE LIMITED - Kayem Food,07AAACK0814H2ZXELECTRONIC ENTERPRISES (INDIA) PRIVATE LIMITED - Electronic Enterprises,36AAACE1969K1ZEKELLOGG BROWN & ROOT ENGINEERING & CONSTRUCTION INDIA PRIVATE LIMITED - KBR,06AAACB2553J1ZWTHE K C P LIMITED - KCP,07AAECK4707B1ZYKDDL LIMITED - KDDL,04AAACK1929M1ZJKELLY SERVICES INDIA PRIVATE LIMITED - Kelly Services,06AABCK6665K1Z7KENNAMETAL INDIA LIMITED - Kennametal India,29AACCK4472B1ZOKENT R O SYSTEMS LIMITED - KENT,22AADCK0743L1ZQBLASTERS SPORTS VENTURES PRIVATE LIMITED - Kerala Blasters FC,32AAGCB0509A1ZMKERRY INGREDIENTS INDIA PRIVATE LIMITED - Kerry,24AADCK9760F1ZGKERRY INDEV LOGISTICS PRIVATE LIMITED - Kerry Indev Logistics,19AABCC1756D1ZXKESAR ENTERPRISES LIMITED - Kesar Enterprises,07AABCK7328R1ZXKESORAM INDUSTRIES LIMITED - Kesoram Industries,29AABCK2417P1Z7KETTO ONLINE VENTURES PRIVATE LIMITED - Ketto,27AAFCK0317C1Z3SUPER MILK PRODUCTS PRIVATE LIMITED - Keventers,36AAVCS8403K1ZOKHAITAN CHEMICALS AND FERTILIZERS LIMITED - Khaitan Chemicals And Fertilizers,36AAACK2342Q1ZBKHANDELWAL LABORATORIES PRIVATE LIMITED - Khandelwal,27AAACK4225E1ZXKHANNA PAPER MILLS LIMITED - Khanna Paper Mills,06AAACK1375K1ZJKHAYA SOLAR PROJECTS PRIVATE LIMITED - Khaya Solar Projects,08AADCK8790M1ZRKIKANI EXPORTS PRIVATE LIMITED - Kikani Exports,33AABCK4784H1ZHKIRAN GEMS PRIVATE LIMITED - Kiran Gems,27AADCK1665M1Z7KIRANA KING RETAIL PRIVATE LIMITED - KIRANA KING RETAIL,08AAHCK3012E1ZZKIRTILAL KALIDAS JEWELLERS PRIVATE LIMITED - Kirtilal Kalidas Jewellers,33AADCK2544B1Z5KLJ RESOURCES LTD - KLJ Resources,19AABCK1181C1ZWKNACK PACKAGING PRIVATE LIMITED - Knack Packaging,24AAFCK0771L1ZGKNOWLARITY COMMUNICATIONS PRIVATE LIMITED - Knowlarity,06AAFCK1875R1ZVKNOWLARITY COMMUNICATIONS INDIA PRIVATE LIMITED - Knowlarity Communication India,06AAFCK1875R1ZVKOHINOOR PLANET CONSTRUCTIONS PRIVATE LIMITED - Kohinoor Planet Constructions,27AABCR6994E1Z1KOHLER INDIA CORPORATION PRIVATE LIMITED - Kohler,27AABCK2145E1ZXKOMATSU INDIA PRIVATE LIMITED - Komatsu India,33AACCK7292H1ZFKOMBU FOOD PRODUCTS PRIVATE LIMITED - Kombu,33AAGCK6879C1ZEKONICA MINOLTA BUSINESS SOLUTIONS INDIA PRIVATE LIMITED - Konica Minolta Business Solution India,08AAECK0086B1ZWKOPRAN LABORATORIES LIMITED - Kopran Laboratories,27AAACK4406H3ZQKOTHARI PRODUCTS LIMITED - Kothari Products,27AAACK5571F1ZKKOYE PHARMACEUTICALS PRIVATE LIMITED - Koye,27AAFCK2001H2ZZKPC PROJECTS LIMITED - Kpc Projects,36AACCK7073N1Z1KPL EXPORTS LIMITED - KPL Exports,27AADCK4732D1ZSKREDERE WEALTH PARTNER PRIVATE LIMITED - KREDERE WEALTH PARTNER,27AAFCK7024G1ZLKRIBHCO INFRASTRUCTURE LIMITED - Kribhco Infrastructure,09AADCK7285P1ZNKRIMANSHI TECHNOLOGIES PRIVATE LIMITED - KRIMANSHI,08AAFCK8592D1Z8KRISHNA INDUSTRIAL CORPORATION LIMITED - KRISHNA INDUSTRIAL CORPORATION,37AABCK3127A2Z3KRISHNA MARUTI LIMITED - Krishna Maruti,24AAACK1316N1ZQKRISHNAPATNAM PORT COMPANY LIMITED - Krishnapatnam Port,36AAACK8657J1Z3KRISTAL ADVISORS PRIVATE LIMITED - KRISTAL,29AAGCK2422D1ZUKRITI PRAKASHAN PRIVATE LIMITED - Kriti Prakashan,19AABCK6476G1Z8KRYFS POWER COMPONENTS LIMITED - Kryfs Power Components,21AAACK2791F1ZWKSB LIMITED - KSB,09AAACK5918J1ZAKSK MAHANADI POWER COMPANY LIMITED - KSK MAHANADI,37AADCK6843M1Z0KUBOTA AGRICULTURAL MACHINERY INDIA PRIVATE LIMITED - Kubota,33AADCK5472E1ZQKUEHNE + NAGEL PRIVATE LIMITED - KUEHNE + NAGEL,23AAACK2676H1ZOKUNJ ROLLER FLOUR MILLS PRIVATE LIMITED - KUNJ ROLLER FLOUR MILLS,19AAACK9937F1Z7KUSHALS FASHION JEWELLERY PRIVATE LIMITED - KUSHALS FASHION JEWELLERY,29AADCK6027H1ZGKINTETSU WORLD EXPRESS (INDIA) PRIVATE LIMITED - KWE India,27AAACK8804H1ZIL&T SHIPBUILDING LIMITED - L&T Shipbuilding,27AAGCK7441N1Z0L&T TECHNOLOGY SERVICES LIMITED - L&T Technology Services,29AADCL7124J1ZAL&T - MHPS TURBINE GENERATORS PRIVATE LIMITED - L&T-Mhi Turbine Generators,24AABCL2729F1ZULA OPALA R G LIMITED - La Opala,05AAACL5569J1ZALA RENON HEALTHCARE PRIVATE LIMITED - LA Renon Healthcare,09AABCL3431G1ZRLA SOVEREIGN BICYCLES PRIVATE LIMITED - LA SOVEREIGN,03AABCL2228D1Z8LABOURNET SERVICES INDIA PRIVATE LIMITED - Labournet,29AABCL4663Q1ZSLAKME LEVER PRIVATE LIMITED - Lakme Lever,36AABCL5555B1ZRLALITHA CHEM INDUSTRIES PRIVATE LIMITED - LALITHA CHEM INDUSTRIES,37AAACL2445B1ZZLALITPUR POWER GENERATION COMPANY LIMITED - Lalitpur Power Generation,09AABCL6739M1ZXLALWANI FERRO ALLOYS LTD - Lalwani Ferro,24AAACL4482G1ZNLANCO AMARKANTAK POWER LIMITED - Lanco Amarkantak Power,22AACCK0633Q1ZKLANDMARK CARS PRIVATE LIMITED - Landmark Cars,27AABCL1862B1ZWLANSON MOTORS PRIVATE LIMITED - Lanson,34AAACL7624G1ZOLANXESS INDIA PRIVATE LIMITED - LANXESS,27AACCB3880A2Z0LASA SUPERGENERICS LIMITED - LASA,27AADCL0382Q1Z2LAVELLE NETWORKS PRIVATE LIMITED - Lavelle Networks,29AACCL8153C1ZJLAXCON STEELS LIMITED - Laxcon Steels,24AAACL5064A1Z3LAXMI ORGANIC INDUSTRIES LIMITED - Laxmi Organic Industries,24AAACL2435R1ZBLAZARD INDIA PRIVATE LIMITED - LAZARD,27AAACL7233P1Z3LAWRENCEDALE AGRO PROCESSING (INDIA) PRIVATE LIMITED - LEAF,29AABCL6138J1Z8LEANCROP TECHNOLOGY SOLUTIONS PRIVATE LIMITED - LeanAgri,27AADCL2799M1ZTLEAP INDIA PRIVATE LIMITED - Leap,06AADCL4320J1ZQLEARNTURE VENTURES PRIVATE LIMITED - LEARNTURE,27AADCL3754E1ZLLENDINGKART FINANCE LIMITED - Lendingkart,27AABCV2469A2ZILENDINGKART TECHNOLOGIES PRIVATE LIMITED - Lendingkart Technologies,24AACCL7816J1ZELENTRA AI PRIVATE LIMITED - Lentra,27AADCL6720C1ZTLETSSHAVE PRIVATE LIMITED - LETSSHAVE,06AADCL1451E1ZZLEVERAGE ED-TECH PRIVATE LIMITED - LEVERAGE ED TECH,07AACCL8474A1ZLLEVI STRAUSS (INDIA) PRIVATE LIMITED - Levi Strauss,19AAACL3092Q1ZXLEXUS MOTORS LTD. - Lexus,19AAACL5356K1Z6LG POLYMERS INDIA PRIVATE LIMITED - LG Polymers India,09AAACL8528P1ZTLG SOFT INDIA PRIVATE LIMITED - Lg Soft India,29AAACL3009P1Z9LIBERTY OIL MILLS LIMITED - Liberty Oil Mills,29AAACL0888N1ZWLIBERTY SHOES LIMITED - Liberty Shoes Ltd.,01AAACL3146K1ZVDELIGHTFUL GOURMET PRIVATE LIMITED - Licious,27AAFCD3317F1ZYLIFE HEALTH FOODS INDIA PRIVATE LIMITED - Life Health Foods,27AADCP2354C1ZRLIFECELL INTERNATIONAL PRIVATE LIMITED - Lifecell,27AAECA7997B1ZGLIFELONG ONLINE RETAIL PRIVATE LIMITED - LIFELONG,36AACCL9605M1Z4LIFELONG INDIA PRIVATE LIMITED - Lifelong India,27AAACL9493K1ZVLIFELONG MEDITECH PRIVATE LIMITED - Lifelong Med,06AABCL0246K1ZPLIGHT INFORMATION SYSTEMS PRIVATE LIMITED - Light Information Systems,27AARCS6292G1ZPLIGHT MICROFINANCE PRIVATE LIMITED - LIGHT MICROFINANCE,23AABCK0178P1ZDLINCOLN INTERNATIONAL ADVISORS PRIVATE LIMITED - LINCOLN INTERNATIONAL,27AACCE6609C1ZXLINKSTREET LEARNING PRIVATE LIMITED - LinkStreet,29AACCL1115A1Z7LINTAS INDIA PRIVATE LIMITED - Lintas India,29AAACL0124F1Z0LIVFIN INDIA PRIVATE LIMITED - LivFin,07AADCL2575R1ZVLIVGUARD ENERGY TECHNOLOGIES PRIVATE LIMITED - Livguard,21AACCL6687P1ZXLOADSHARE NETWORKS PRIVATE LIMITED - LoadShare,07AADCL2205J1ZSLOANTAP FINANCIAL TECHNOLOGIES PRIVATE LIMITED - LOANTAP,27AADCL0637L1ZELOANZEN TECHNOLOGIES PRIVATE LIMITED - Loanzen,29AACCL9326P1ZRLOGICASH SOLUTIONS PRIVATE LIMITED - Logicash Solutions,27AABCL6882F1ZALOGINEXT SOLUTIONS PRIVATE LIMITED - Loginext Solutions,27AACCL6430A1ZZLOGISTICSNOW PRIVATE LIMITED - LogisticsNow,27AADCL1378C1ZPLOMBARDI ENGINEERING INDIA PRIVATE LIMITED - Lombardi Engineering,07AACCL0942P1Z9LOREAL INDIA PRIVATE LIMITED - LOREAL INDIA,20AAACL0738K1ZVLOTUS CHOCOLATE COMPANY LTD. - Lotus Chocolate,36AAACL1891R1ZWLOTUS HERBALS PRIVATE LIMITED - Lotus Herbals,07AAACL0198F1ZOLOTUS LABS PRIVATE LIMITED - Lotus Labs,29AAACL5328D1ZOLOYLTY REWARDZ MANAGEMENT PRIVATE LIMITED - Loylty,27AABCL1987D1ZILUCAS TVS LIMITED - Lucas Tvs,09AAACL3763E1ZLLUCIDEUS TECHNOLOGIES PRIVATE LIMITED - LUCIDEUS,27AADCL2266K1ZBLUCIDEUS TECH PRIVATE LIMITED - Lucideus Tech,07AACCL3769J1Z6LUMINOUS POWER TECHNOLOGIES PRIVATE LIMITED - Luminous Power Technologies,33AAACS3561K1CPLUXOFT INDIA LLP - Luxoft,29AAGFL9418B2Z8LYBRATE INDIA PRIVATE LIMITED - Lybrate,06AACCL7100M1ZLLYMBYC SOLUTIONS PRIVATE LIMITED - LYMBYC,29AAICM0856H1Z8M BIOTECH PRIVATE LIMITED - M Biotech,27AAGCM9194E1Z3M3M INDIA PRIVATE LIMITED - M3M India,06AAFCP5827Q1ZSRANDSTAD INDIA PRIVATE LIMITED - Ma Foi Management Consultants,29AABCM4781A1ZLMACAWBER BEEKAY PRIVATE LIMITED - Macawber,03AAECB8838L1ZEMACHINO POLYMERS LIMITED - Machino Polymers,33AABCM9618E1ZMMACLEODS PHARMACEUTICALS LTD - Macleods Pharmaceuticals,24AAACM4100C1ZFMACRO MEDIA DIGITAL IMAGING PRIVATE LIMITED - Macro Media Digital Imaging,06AABCM9451F1ZIMAGICA SPORTS VENTURES PRIVATE LIMITED - Magica Sports,36AALCM1601P1Z8MEMORIES INTERIOR DESIGNS E-COMMERCE PRIVATE LIMITED - Magical Nest,29AALCM2246A1ZNMAGICBRICKS REALTY SERVICES LIMITED - MAGICBRICKS.COM,07AAICM8228P1ZRMAGNETI MARELLI MOTHERSON AUTO SYSTEM PRIVATE LIMITED - Magneti Marelli Motherson,27AAFCM4110M1ZHMAGNETI MARELLI POWERTRAIN INDIA PRIVATE LIMITED - Magneti Marelli Powertrain,06AAFCM3204N1ZIADI ARTECH TRANSDUCERS PRIVATE LIMITED - Adi Artech,24AABCA6598D1ZQMAHENDRA PUMPS PRIVATE LIMITED - Mahendra Pumps,29AACCM5554A1ZNMAHESH TRANSLINE PRIVATE LIMITED - MAHESH TRANSLINE,27AACCM3130G1ZVMAHINDRA AEROSPACE PRIVATE LIMITED - Mahindra Aerospace,29AAFCM4657F1Z8MAHINDRA AUTO STEEL PRIVATE LIMITED - Mahindra Auto Steel,27AAICM9664P1ZFMAHINDRA SUSTEN PRIVATE LIMITED - Mahindra Epc Services,32AAGCM8122L1ZFMAHINDRA HZPC PRIVATE LIMITED - Mahindra HZPC,19AAJCM0031B1Z1MAHINDRA INDUSTRIAL PARK CHENNAI LIMITED - Mahindra Industrial Park Chennai,33AAJCM5261D1ZPMAINI PRECISION PRODUCTS LIMITED - Maini Precision,29AABCM8269R1ZFMALBROS IMPEX P. LTD. - MALBROS,08AAACM0068P1Z7HONASA CONSUMER PRIVATE LIMITED - MamaEarth,06AADCH9716L1Z8MANDO AUTOMOTIVE INDIA PRIVATE LIMITED - Mando Automotive India,33AAJCM7329L1Z3MANDOVI MOTORS PRIVATE LIMITED - Mandovi,29AACCM4309H1ZIMANGALAM DRUGS AND ORGANICS LIMITED - Mangalam Drugs & Organics,27AAACM7880P3ZNMANIKARAN POWER LIMITED. - Manikaran Power,20AAECM4555F1ZUMANIPAL HEALTH ENTERPRISES PRIVATE LIMITED - Manipal Hospital,33AAGCM5933R1ZWMANIPAL GLOBAL EDUCATION SERVICES PRIVATE LIMITED - Manipal Universal Learning,29AACCM6313P2Z0DAS FOODTECH PRIVATE LIMITED - DAS,24AAECD4299F1ZMTHE MANJRI STUD FARM PRIVATE LIMITED - Manjri Stud Farm,27AAACT1947J1Z6MANJUSHREE TECHNOPACK LIMITED - MANJUSHREE TECHNOPACK,07AAACM9418K1Z7GOODDOT ENTERPRISES PRIVATE LIMITED - GOODDOT,08AAGCG5359K1Z5MANTRI METALLICS PRIVATE LIMITED - Mantri Metallics,27AABCM7851P1ZTMAPLE DIGITAL TECHNOLOGY INTERNATIONAL PRIVATE LIMITED - Maple Digital Technology International,29AAGCM0790E1ZFMARATHON NEXTGEN REALTY LIMITED - Marathon,27AAACP8032E1ZNMARGDARSHAK FINANCIAL SERVICES LIMITED - Margdarshak,09AACCC2497E1ZNMARINE ELECTRICALS (INDIA) LIMITED - MARINE ELECTRICALS,24AAFCM3153Q1Z6MARUTI INSURANCE BROKING PRIVATE LIMITED - Maruti Insurance Broking,09AAGCM8887L1ZGMASON S MARK PRIVATE LIMITED - MASON,23AAMCM3286F1ZEMASSIVE RESTAURANTS PRIVATE LIMITED - Massive Restaurants,27AAICM0393H1ZCFN MATHLOGIC CONSULTING SERVICES PRIVATE LIMITED - MathLogic,07AABCF8825C1ZTMATRIX BUSINESS SERVICES INDIA PRIVATE LIMITED - MATRIX BS INDIA,04AADCM6654L1Z8MATRIX LABS PRIVATE LIMITED - Matrix Labs,33AAJCM6293R1ZMMATTER LLP - Matter,27ABFFM4442A1ZNAB MAURI INDIA PRIVATE LIMITED - Mauri,07AAECA9923H2ZJPOLAR INDUSTRIES LTD - Polar Industries,36AAACP0630N1ZH
POLICYBAZAAR INSURANCE BROKING PRIVATE LIMITED - POLICYBAZAAR,06AAECP8797L1ZK
POPPYS KNITWEAR PRIVATE LIMITED - POPPYS,33AADFP4476C1ZH
PREMIUM TRANSMISSION PRIVATE LIMITED - PREMIUM TRANSMISSION,33AAFCP6143F1ZN
PRITIKA AUTOCAST LIMITED - PRITIKA AUTOCAST,02AADCP8486H1Z8
PRITI INTERNATIONAL LIMITED - PRITI INTERNATIONAL,08AAJCP2782Q1ZK
PROPCHEK SOLUTIONS PRIVATE LIMITED - PROPCHEK,27AAJCP0956C1ZH
POLAR INDUSTRIES LTD - Polar Industries,36AAACP0630N1ZH
POLICYBAZAAR INSURANCE BROKING PRIVATE LIMITED - POLICYBAZAAR,06AAECP8797L1ZK
POPPYS KNITWEAR PRIVATE LIMITED - POPPYS,33AADFP4476C1ZH
PREMIUM TRANSMISSION PRIVATE LIMITED - PREMIUM TRANSMISSION,33AAFCP6143F1ZN
PRITIKA AUTOCAST LIMITED - PRITIKA AUTOCAST,02AADCP8486H1Z8
POLAR INDUSTRIES LTD - Polar Industries,36AAACP0630N1ZH
POLICYBAZAAR INSURANCE BROKING PRIVATE LIMITED - POLICYBAZAAR,06AAECP8797L1ZK
POPPYS KNITWEAR PRIVATE LIMITED - POPPYS,33AADFP4476C1ZH
PREMIUM TRANSMISSION PRIVATE LIMITED - PREMIUM TRANSMISSION,33AAFCP6143F1ZN
PRITIKA AUTOCAST LIMITED - PRITIKA AUTOCAST,02AADCP8486H1Z8
PRITI INTERNATIONAL LIMITED - PRITI INTERNATIONAL,08AAJCP2782Q1ZK
PROPCHEK SOLUTIONS PRIVATE LIMITED - PROPCHEK,27AAJCP0956C1ZH
PUKHRAJ ADDITIVES LLP - PUKHRAJ,27ABYFS8454K1Z1
                                                        FEEL GOOD VENTURE PRIVATE LIMITED   ,35AADCF2098R1Z0
OCEAN REEFS (INDIA) PRIVATE LIMITED   ,35AACCO0382L1ZD
MOUNTAIN EDGE TOURS AND HOLIDAYS PRIVATE LIMITED  ,35AAGCM1422P1ZC
JOYE GRAND HOTEL PRIVATE LIMITED   ,35AADCJ8958N1ZR
JADWET HOTELS PRIVATE LIMITED   ,35AADCJ6938N1ZZ
MAINAK PROJECTS PRIVATE LIMITED   ,35AAFCM4277R1ZQ
MOHAN AUTOMOTIVES PRIVATE LIMITED   ,35AAICM5640F1ZJ
L M STAR AUTOTRADE PRIVATE LIMITED   ,35AACCL9533G1ZG
PREETA CARS (INDIA) PRIVATE LIMITED   ,35AAICP3439R1ZQ
DHEERAJ MOTOR PRIVATE LIMITED   ,35AACCD6364P2Z5
ANDAMAN MOTORS PRIVATE LIMITED.   ,35AACCA7084K1ZG
MAKE MY JOURNEY (OPC) PRIVATE LIMITED   ,35AAKCM5686R1ZE
ANDAMAN EXCURSION PRIVATE LIMITED   ,35AAOCA7193B1ZL
ROYAL RESORTS & LEISURE PRIVATE LIMITED   ,32AAHCR1636D1ZT
HOLIDAY INN BEACH RESORT PRIVATE LIMITED   ,35AADCH6798N1ZR
MU STUDIOS PRIVATE LIMITED   ,27AADCN3467A1ZP
ANDAMAN LEISURE PRIVATE LIMITED   ,35AABCN4235E1ZU
ORIENT TRADING COMPANY PRIVATE LIMITED.   ,29AAACO1815G1ZN
MUNJOH RESORTS PRIVATE LIMITED   ,35AAGCM7316J1ZB
HOTEL APARUPA (ANDAMANS) PRIVATE LIMITED   ,35AABCH4510L1ZR
SUN SEA RESORT PRIVATE LIMITED.   ,35AAICS1853N2ZW
HOTEL DHANALAKSHMI PRIVATE LIMITED.   ,33AACCD9016E1Z2
ANDAMAN RESORTS PRIVATE LIMITED   ,35AACCE1721H1Z3
THE BAY ISLANDS HOTELS PRIVATE LIMITED   ,35AAECB8072G1ZO
U AND I RESORTS PRIVATE LIMITED   ,07AAACU9977H1ZQ
ECO RESORTS PRIVATE LIMITED   ,02AADCC1921E2ZG
ANDAMAN AGRO PRIVATE LIMITED   ,35AABCI1631B1ZB
ANDAMAN PRAGATI COCONUT PRODUCER COMPANY LIMITED  ,35AANCA3350M1ZG
TEJA PROJECTS PRIVATE LIMITED   ,27AAGCT4131N1Z2
MSM TECHNO PROJECTS PRIVATE LIMITED   ,35AAICM7112Q1Z1
S L PROJECTS PRIVATE LIMITED   ,24AACCL5282C1ZT
RAVI REALCON PRIVATE LIMITED   ,35AAFCR6111D1ZT
VISION ADVERTISING PRIVATE LIMITED   ,10AAGCD8968F1ZL
C M ROY CONSTRUCTION PRIVATE LIMITED   ,35AAFCC3158F1ZV
ROHIN'S HOSPITAL PRIVATE LIMITED   ,35AAGCR3846Q1ZP
RAHMAT TRADING COMPANY PRIVATE LIMITED   ,33AADCR6069G1ZC
GCVD INFRATECH PRIVATE LIMITED   ,09AAJFG0997K2ZR
ICY SPICY FOODS PRIVATE LIMITED   ,35AADCI8442C1ZS
ANDAMAN COMPUTERS PRIVATE LIMITED   ,35AAHCS8780M7ZE
BABA TRAVELS PRIVATE LIMITED   ,08AAXCS4285M1Z9
FY TRADING COMPANY PRIVATE LIMITED   ,35AABCF2991D1ZT
ISLAND TRAVELS PRIVATE LIMITED   ,06AACCL6026G1ZR
ANDAMAN HOLIDAYS PRIVATE LIMITED   ,35AAJCA3602N1ZN
ANDAMAN WORLD TRAVELS PRIVATE LIMITED   ,35AAKCA1950G1ZU
WEBPORT MEDIA PRIVATE LIMITED   ,35AABCW7431P1ZU
JAYA REALTORS PRIVATE LIMITED   ,35AADCJ4925B1ZX
OUR CLCTODAY PRIVATE LIMITED   ,35AACCO3310Q1ZD
ASANS PROJECTS PRIVATE LIMITED   ,19AAJCA2624E1ZW
IMPERIAL AGENCIES PRIVATE LIMITED   ,35AABCI1580P1ZA
NEXT GENERATION RETAIL PRIVATE LIMITED   ,35AADCN9253G1ZC
GATEWAY PRODUCTIONS PRIVATE LIMITED   ,27AAHCG4680J1Z8
HITECH CIVIL ENGINEERS PRIVATE LIMITED   ,35AADCH0871J1ZL
SAKTHI HARDWARES PRIVATE LIMITED   ,35AAUCS6436M1ZI
JADWET TRADING COMPANY PRIVATE LIMITED   ,35AABCJ3800F1Z3
CSE CONSTRUCTION (INDIA) PRIVATE LIMITED   ,35AAGCC1203N1ZV
S K S & DEVELOPERS PRIVATE LIMITED   ,32AAFCK1148K1ZO
AYUSH JOTI BUILDERS PRIVATE LIMITED   ,35AAICA3676R1ZY
RCS INFRASTRUCTURE PRIVATE LIMITED   ,33AADCR9617C1ZK
SUNNY POWER TECH PRIVATE LIMITED   ,35AAMCS9475Q1Z5
ANDABAR COLD STORES PRIVATE LIMITED   ,35AAECA5754E1ZU
VINOTH FEEDS AND POULTRY PRIVATE LIMITED   ,33AADCV2402M1ZI
K P TRADING & COMPANY PRIVATE LIMITED   ,27AACCK1849C1ZR
ABLE AVIATION (INDIA) PRIVATE LIMITED   ,27AAGCA5760N1Z8
SAKTHI SHIPPING SERVICES (INDIA) PRIVATE LIMITED  ,35AAOCS9120J1ZZ
GREEN OCEAN SEAWAYS PRIVATE LIMITED   ,35AAFCG8500R1Z6
MAK LOGISTICS PRIVATE LIMITED   ,27AAHCM0285B1ZQ
I T T LINES PRIVATE LIMITED   ,27AADCT3575H1Z4
STAR SHIPPING LOGISTICS PRIVATE LIMITED   ,27AASCS5358Q1Z6
